"SNP","effect_allele.exposure","other_allele.exposure","effect_allele.outcome","other_allele.outcome","beta.exposure","beta.outcome","eaf.exposure","eaf.outcome","remove","palindromic","ambiguous","id.outcome","chr","pos","se.outcome","samplesize.outcome","pval.outcome","outcome","originalname.outcome","outcome.deprecated","mr_keep.outcome","data_source.outcome","proxy.outcome","target_snp.outcome","proxy_snp.outcome","target_a1.outcome","target_a2.outcome","proxy_a1.outcome","proxy_a2.outcome","pos.exposure","se.exposure","chr.exposure","pval.exposure","samplesize.exposure","id.exposure","exposure","mr_keep.exposure","pval_origin.exposure","data_source.exposure","action","mr_keep"
"rs10406080","G","C","G","C",-0.0307464,-0.000722775,0.6151,0.615756,FALSE,TRUE,FALSE,"ukb-b-7872","19","18402142",0.000723024,461113,0.32,"Mouth/teeth dental problems: Bleeding gums || id:ukb-b-7872","Mouth/teeth dental problems: Bleeding gums","Mouth/teeth dental problems: Bleeding gums ||  || ",TRUE,"igd",NA,NA,NA,NA,NA,NA,NA,18402142,0.00370126,"19",9.81296e-17,169545,"ebi-a-GCST004608","Granulocyte percentage of myeloid white cells || id:ebi-a-GCST004608",TRUE,"reported","igd",2,TRUE
"rs1058993","T","A","T","A",0.0549334,-0.00441432,0.0466,0.037449,FALSE,TRUE,FALSE,"ukb-b-7872","19","13134501",0.00185237,461113,0.017,"Mouth/teeth dental problems: Bleeding gums || id:ukb-b-7872","Mouth/teeth dental problems: Bleeding gums","Mouth/teeth dental problems: Bleeding gums ||  || ",TRUE,"igd",NA,NA,NA,NA,NA,NA,NA,13134501,0.00864998,"19",2.14299e-10,169545,"ebi-a-GCST004608","Granulocyte percentage of myeloid white cells || id:ebi-a-GCST004608",TRUE,"reported","igd",2,TRUE
"rs10732976","A","G","A","G",-0.024341,1.22335e-05,0.6934,0.695828,FALSE,FALSE,FALSE,"ukb-b-7872","1","185409061",0.000766695,461113,0.99,"Mouth/teeth dental problems: Bleeding gums || id:ukb-b-7872","Mouth/teeth dental problems: Bleeding gums","Mouth/teeth dental problems: Bleeding gums ||  || ",TRUE,"igd",NA,NA,NA,NA,NA,NA,NA,185409061,0.00391,"1",4.80596e-10,169545,"ebi-a-GCST004608","Granulocyte percentage of myeloid white cells || id:ebi-a-GCST004608",TRUE,"reported","igd",2,TRUE
"rs10757287","T","A","T","A",0.030128,-0.00121813,0.1642,0.162432,FALSE,TRUE,FALSE,"ukb-b-7872","9","22143570",0.000951201,461113,0.2,"Mouth/teeth dental problems: Bleeding gums || id:ukb-b-7872","Mouth/teeth dental problems: Bleeding gums","Mouth/teeth dental problems: Bleeding gums ||  || ",TRUE,"igd",NA,NA,NA,NA,NA,NA,NA,22143570,0.00483051,"9",4.45995e-10,169545,"ebi-a-GCST004608","Granulocyte percentage of myeloid white cells || id:ebi-a-GCST004608",TRUE,"reported","igd",2,TRUE
"rs10760497","T","C","T","C",0.0233437,9.9165e-05,0.5736,0.57311,FALSE,FALSE,FALSE,"ukb-b-7872","9","130526954",0.000708334,461113,0.89,"Mouth/teeth dental problems: Bleeding gums || id:ukb-b-7872","Mouth/teeth dental problems: Bleeding gums","Mouth/teeth dental problems: Bleeding gums ||  || ",TRUE,"igd",NA,NA,NA,NA,NA,NA,NA,130526954,0.00360319,"9",9.25763e-11,169545,"ebi-a-GCST004608","Granulocyte percentage of myeloid white cells || id:ebi-a-GCST004608",TRUE,"reported","igd",2,TRUE
"rs10780209","A","G","A","G",-0.0410717,0.00243206,0.476,0.477744,FALSE,FALSE,FALSE,"ukb-b-7872","9","91472127",0.000701723,461113,0.000530005,"Mouth/teeth dental problems: Bleeding gums || id:ukb-b-7872","Mouth/teeth dental problems: Bleeding gums","Mouth/teeth dental problems: Bleeding gums ||  || ",TRUE,"igd",NA,NA,NA,NA,NA,NA,NA,91472127,0.00356877,"9",1.19289e-30,169545,"ebi-a-GCST004608","Granulocyte percentage of myeloid white cells || id:ebi-a-GCST004608",TRUE,"reported","igd",2,TRUE
"rs10803758","C","T","C","T",0.0388304,-0.000568986,0.3763,0.375877,FALSE,FALSE,FALSE,"ukb-b-7872","2","160548219",0.000723873,461113,0.43,"Mouth/teeth dental problems: Bleeding gums || id:ukb-b-7872","Mouth/teeth dental problems: Bleeding gums","Mouth/teeth dental problems: Bleeding gums ||  || ",TRUE,"igd",NA,NA,NA,NA,NA,NA,NA,160548219,0.00368951,"2",6.65733e-26,169545,"ebi-a-GCST004608","Granulocyte percentage of myeloid white cells || id:ebi-a-GCST004608",TRUE,"reported","igd",2,TRUE
"rs10849448","G","A","G","A",0.0464357,-0.000883107,0.7568,0.752329,FALSE,FALSE,FALSE,"ukb-b-7872","12","6493351",0.00082833,461113,0.29,"Mouth/teeth dental problems: Bleeding gums || id:ukb-b-7872","Mouth/teeth dental problems: Bleeding gums","Mouth/teeth dental problems: Bleeding gums ||  || ",TRUE,"igd",NA,NA,NA,NA,NA,NA,NA,6493351,0.00432614,"12",7.06643e-27,169545,"ebi-a-GCST004608","Granulocyte percentage of myeloid white cells || id:ebi-a-GCST004608",TRUE,"reported","igd",2,TRUE
"rs10885396","T","C","T","C",0.0232087,-0.00142054,0.5405,0.541273,FALSE,FALSE,FALSE,"ukb-b-7872","10","114711755",0.000703781,461113,0.0439997,"Mouth/teeth dental problems: Bleeding gums || id:ukb-b-7872","Mouth/teeth dental problems: Bleeding gums","Mouth/teeth dental problems: Bleeding gums ||  || ",TRUE,"igd",NA,NA,NA,NA,NA,NA,NA,114711755,0.00360176,"10",1.166e-10,169545,"ebi-a-GCST004608","Granulocyte percentage of myeloid white cells || id:ebi-a-GCST004608",TRUE,"reported","igd",2,TRUE
"rs10971930","C","T","C","T",-0.0328113,-0.00208859,0.128,0.127407,FALSE,FALSE,FALSE,"ukb-b-7872","9","34116083",0.00105066,461113,0.0470002,"Mouth/teeth dental problems: Bleeding gums || id:ukb-b-7872","Mouth/teeth dental problems: Bleeding gums","Mouth/teeth dental problems: Bleeding gums ||  || ",TRUE,"igd",NA,NA,NA,NA,NA,NA,NA,34116083,0.00534405,"9",8.26304e-10,169545,"ebi-a-GCST004608","Granulocyte percentage of myeloid white cells || id:ebi-a-GCST004608",TRUE,"reported","igd",2,TRUE
"rs10980797","G","A","G","A",0.113149,-0.000591258,0.4898,0.488609,FALSE,FALSE,FALSE,"ukb-b-7872","9","113912553",0.000701964,461113,0.4,"Mouth/teeth dental problems: Bleeding gums || id:ukb-b-7872","Mouth/teeth dental problems: Bleeding gums","Mouth/teeth dental problems: Bleeding gums ||  || ",TRUE,"igd",NA,NA,NA,NA,NA,NA,NA,113912553,0.00357706,"9",1e-200,169545,"ebi-a-GCST004608","Granulocyte percentage of myeloid white cells || id:ebi-a-GCST004608",TRUE,"reported","igd",2,TRUE
"rs10995477","C","T","C","T",-0.0255399,0.000554262,0.4722,0.472911,FALSE,FALSE,FALSE,"ukb-b-7872","10","65010672",0.000701532,461113,0.43,"Mouth/teeth dental problems: Bleeding gums || id:ukb-b-7872","Mouth/teeth dental problems: Bleeding gums","Mouth/teeth dental problems: Bleeding gums ||  || ",TRUE,"igd",NA,NA,NA,NA,NA,NA,NA,65010672,0.00358053,"10",9.81974e-13,169545,"ebi-a-GCST004608","Granulocyte percentage of myeloid white cells || id:ebi-a-GCST004608",TRUE,"reported","igd",2,TRUE
"rs11145986","G","A","G","A",0.0272759,-0.00117109,0.2909,0.289167,FALSE,FALSE,FALSE,"ukb-b-7872","9","139319847",0.000772602,461113,0.13,"Mouth/teeth dental problems: Bleeding gums || id:ukb-b-7872","Mouth/teeth dental problems: Bleeding gums","Mouth/teeth dental problems: Bleeding gums ||  || ",TRUE,"igd",NA,NA,NA,NA,NA,NA,NA,139319847,0.00392372,"9",3.61327e-12,169545,"ebi-a-GCST004608","Granulocyte percentage of myeloid white cells || id:ebi-a-GCST004608",TRUE,"reported","igd",2,TRUE
"rs11153046","G","A","G","A",-0.027909,0.00235007,0.6814,0.679003,FALSE,FALSE,FALSE,"ukb-b-7872","6","107441753",0.000751139,461113,0.00179999,"Mouth/teeth dental problems: Bleeding gums || id:ukb-b-7872","Mouth/teeth dental problems: Bleeding gums","Mouth/teeth dental problems: Bleeding gums ||  || ",TRUE,"igd",NA,NA,NA,NA,NA,NA,NA,107441753,0.00385665,"6",4.60151e-13,169545,"ebi-a-GCST004608","Granulocyte percentage of myeloid white cells || id:ebi-a-GCST004608",TRUE,"reported","igd",2,TRUE
"rs111677347","T","C","T","C",-0.046842,-0.000294074,0.0577,0.057285,FALSE,FALSE,FALSE,"ukb-b-7872","7","8095483",0.00151655,461113,0.85,"Mouth/teeth dental problems: Bleeding gums || id:ukb-b-7872","Mouth/teeth dental problems: Bleeding gums","Mouth/teeth dental problems: Bleeding gums ||  || ",TRUE,"igd",NA,NA,NA,NA,NA,NA,NA,8095483,0.00773367,"7",1.388e-09,169545,"ebi-a-GCST004608","Granulocyte percentage of myeloid white cells || id:ebi-a-GCST004608",TRUE,"reported","igd",2,TRUE
"rs11190141","T","C","T","C",0.0330336,-0.001199,0.3711,0.370846,FALSE,FALSE,FALSE,"ukb-b-7872","10","101292390",0.000724804,461113,0.0980009,"Mouth/teeth dental problems: Bleeding gums || id:ukb-b-7872","Mouth/teeth dental problems: Bleeding gums","Mouth/teeth dental problems: Bleeding gums ||  || ",TRUE,"igd",NA,NA,NA,NA,NA,NA,NA,101292390,0.00369319,"10",3.73766e-19,169545,"ebi-a-GCST004608","Granulocyte percentage of myeloid white cells || id:ebi-a-GCST004608",TRUE,"reported","igd",2,TRUE
"rs114050631","T","C","T","C",-0.14497,0.00244065,0.0106,0.011224,FALSE,FALSE,FALSE,"ukb-b-7872","2","219020958",0.00356552,461113,0.49,"Mouth/teeth dental problems: Bleeding gums || id:ukb-b-7872","Mouth/teeth dental problems: Bleeding gums","Mouth/teeth dental problems: Bleeding gums ||  || ",TRUE,"igd",NA,NA,NA,NA,NA,NA,NA,219020958,0.019361,"2",7.0081e-14,169545,"ebi-a-GCST004608","Granulocyte percentage of myeloid white cells || id:ebi-a-GCST004608",TRUE,"reported","igd",2,TRUE
"rs115340020","A","G","A","G",0.130519,-0.0021062,0.0286,0.028273,FALSE,FALSE,FALSE,"ukb-b-7872","1","92766438",0.00211126,461113,0.32,"Mouth/teeth dental problems: Bleeding gums || id:ukb-b-7872","Mouth/teeth dental problems: Bleeding gums","Mouth/teeth dental problems: Bleeding gums ||  || ",TRUE,"igd",NA,NA,NA,NA,NA,NA,NA,92766438,0.0106861,"1",2.6212e-34,169545,"ebi-a-GCST004608","Granulocyte percentage of myeloid white cells || id:ebi-a-GCST004608",TRUE,"reported","igd",2,TRUE
"rs11621710","A","T","A","T",-0.0230882,0.00149687,0.4906,0.490762,FALSE,TRUE,TRUE,"ukb-b-7872","14","35600022",0.000706611,461113,0.0340001,"Mouth/teeth dental problems: Bleeding gums || id:ukb-b-7872","Mouth/teeth dental problems: Bleeding gums","Mouth/teeth dental problems: Bleeding gums ||  || ",TRUE,"igd",NA,NA,NA,NA,NA,NA,NA,35600022,0.00360876,"14",1.57601e-10,169545,"ebi-a-GCST004608","Granulocyte percentage of myeloid white cells || id:ebi-a-GCST004608",TRUE,"reported","igd",2,FALSE
"rs11710567","T","C","T","C",0.023459,-0.0011074,0.3026,0.300443,FALSE,FALSE,FALSE,"ukb-b-7872","3","57954435",0.000770755,461113,0.15,"Mouth/teeth dental problems: Bleeding gums || id:ukb-b-7872","Mouth/teeth dental problems: Bleeding gums","Mouth/teeth dental problems: Bleeding gums ||  || ",TRUE,"igd",NA,NA,NA,NA,NA,NA,NA,57954435,0.00394474,"3",2.733e-09,169545,"ebi-a-GCST004608","Granulocyte percentage of myeloid white cells || id:ebi-a-GCST004608",TRUE,"reported","igd",2,TRUE
"rs11725704","G","A","G","A",0.0484279,-0.0010978,0.3762,0.3758,FALSE,FALSE,FALSE,"ukb-b-7872","4","74959996",0.000722518,461113,0.13,"Mouth/teeth dental problems: Bleeding gums || id:ukb-b-7872","Mouth/teeth dental problems: Bleeding gums","Mouth/teeth dental problems: Bleeding gums ||  || ",TRUE,"igd",NA,NA,NA,NA,NA,NA,NA,74959996,0.00368824,"4",2.20597e-39,169545,"ebi-a-GCST004608","Granulocyte percentage of myeloid white cells || id:ebi-a-GCST004608",TRUE,"reported","igd",2,TRUE
"rs11766800","T","A","T","A",-0.0248957,-0.000927899,0.3221,0.320992,FALSE,TRUE,FALSE,"ukb-b-7872","7","50435617",0.000751706,461113,0.22,"Mouth/teeth dental problems: Bleeding gums || id:ukb-b-7872","Mouth/teeth dental problems: Bleeding gums","Mouth/teeth dental problems: Bleeding gums ||  || ",TRUE,"igd",NA,NA,NA,NA,NA,NA,NA,50435617,0.00385821,"7",1.09901e-10,169545,"ebi-a-GCST004608","Granulocyte percentage of myeloid white cells || id:ebi-a-GCST004608",TRUE,"reported","igd",2,TRUE
"rs11855465","C","A","C","A",-0.0626992,-0.00611986,0.0287,0.027649,FALSE,FALSE,FALSE,"ukb-b-7872","15","50719754",0.00214478,461113,0.00430002,"Mouth/teeth dental problems: Bleeding gums || id:ukb-b-7872","Mouth/teeth dental problems: Bleeding gums","Mouth/teeth dental problems: Bleeding gums ||  || ",TRUE,"igd",NA,NA,NA,NA,NA,NA,NA,50719754,0.0108341,"15",7.15599e-09,169545,"ebi-a-GCST004608","Granulocyte percentage of myeloid white cells || id:ebi-a-GCST004608",TRUE,"reported","igd",2,TRUE
"rs11864884","T","C","T","C",0.0514238,-0.000389634,0.2789,0.278472,FALSE,FALSE,FALSE,"ukb-b-7872","16","85901039",0.000785646,461113,0.62,"Mouth/teeth dental problems: Bleeding gums || id:ukb-b-7872","Mouth/teeth dental problems: Bleeding gums","Mouth/teeth dental problems: Bleeding gums ||  || ",TRUE,"igd",NA,NA,NA,NA,NA,NA,NA,85901039,0.00400625,"16",1.03205e-37,169545,"ebi-a-GCST004608","Granulocyte percentage of myeloid white cells || id:ebi-a-GCST004608",TRUE,"reported","igd",2,TRUE
"rs11879798","A","G","A","G",0.0454095,0.00136854,0.3759,0.375148,FALSE,FALSE,FALSE,"ukb-b-7872","19","44281898",0.000723921,461113,0.0589997,"Mouth/teeth dental problems: Bleeding gums || id:ukb-b-7872","Mouth/teeth dental problems: Bleeding gums","Mouth/teeth dental problems: Bleeding gums ||  || ",TRUE,"igd",NA,NA,NA,NA,NA,NA,NA,44281898,0.00368582,"19",7.06318e-35,169545,"ebi-a-GCST004608","Granulocyte percentage of myeloid white cells || id:ebi-a-GCST004608",TRUE,"reported","igd",2,TRUE
"rs11881751","A","G","A","G",-0.0304391,0.000230148,0.2303,0.229188,FALSE,FALSE,FALSE,"ukb-b-7872","19","4997420",0.00083688,461113,0.780001,"Mouth/teeth dental problems: Bleeding gums || id:ukb-b-7872","Mouth/teeth dental problems: Bleeding gums","Mouth/teeth dental problems: Bleeding gums ||  || ",TRUE,"igd",NA,NA,NA,NA,NA,NA,NA,4997420,0.00426896,"19",1.00092e-12,169545,"ebi-a-GCST004608","Granulocyte percentage of myeloid white cells || id:ebi-a-GCST004608",TRUE,"reported","igd",2,TRUE
"rs11963621","C","T","C","T",0.0365666,-2.51378e-05,0.1014,0.101153,FALSE,FALSE,FALSE,"ukb-b-7872","6","44591006",0.00116475,461113,0.98,"Mouth/teeth dental problems: Bleeding gums || id:ukb-b-7872","Mouth/teeth dental problems: Bleeding gums","Mouth/teeth dental problems: Bleeding gums ||  || ",TRUE,"igd",NA,NA,NA,NA,NA,NA,NA,44591006,0.00592881,"6",6.93298e-10,169545,"ebi-a-GCST004608","Granulocyte percentage of myeloid white cells || id:ebi-a-GCST004608",TRUE,"reported","igd",2,TRUE
"rs12082983","G","A","G","A",-0.0216105,-0.000350662,0.38,0.381544,FALSE,FALSE,FALSE,"ukb-b-7872","1","247429269",0.000722479,461113,0.630001,"Mouth/teeth dental problems: Bleeding gums || id:ukb-b-7872","Mouth/teeth dental problems: Bleeding gums","Mouth/teeth dental problems: Bleeding gums ||  || ",TRUE,"igd",NA,NA,NA,NA,NA,NA,NA,247429269,0.00368379,"1",4.454e-09,169545,"ebi-a-GCST004608","Granulocyte percentage of myeloid white cells || id:ebi-a-GCST004608",TRUE,"reported","igd",2,TRUE
"rs12416595","G","C","G","C",-0.0246105,6.88757e-05,0.2254,0.224026,FALSE,TRUE,FALSE,"ukb-b-7872","10","22409964",0.000841742,461113,0.93,"Mouth/teeth dental problems: Bleeding gums || id:ukb-b-7872","Mouth/teeth dental problems: Bleeding gums","Mouth/teeth dental problems: Bleeding gums ||  || ",TRUE,"igd",NA,NA,NA,NA,NA,NA,NA,22409964,0.00428098,"10",8.98711e-09,169545,"ebi-a-GCST004608","Granulocyte percentage of myeloid white cells || id:ebi-a-GCST004608",TRUE,"reported","igd",2,TRUE
"rs12480732","T","C","T","C",-0.0568364,3.37815e-05,0.2606,0.259657,FALSE,FALSE,FALSE,"ukb-b-7872","20","31191015",0.000800315,461113,0.97,"Mouth/teeth dental problems: Bleeding gums || id:ukb-b-7872","Mouth/teeth dental problems: Bleeding gums","Mouth/teeth dental problems: Bleeding gums ||  || ",TRUE,"igd",NA,NA,NA,NA,NA,NA,NA,31191015,0.00407332,"20",3.00193e-44,169545,"ebi-a-GCST004608","Granulocyte percentage of myeloid white cells || id:ebi-a-GCST004608",TRUE,"reported","igd",2,TRUE
"rs12485444","A","T","A","T",0.022219,-0.000216344,0.5393,0.545263,FALSE,TRUE,TRUE,"ukb-b-7872","3","188135783",0.000722181,461113,0.760001,"Mouth/teeth dental problems: Bleeding gums || id:ukb-b-7872","Mouth/teeth dental problems: Bleeding gums","Mouth/teeth dental problems: Bleeding gums ||  || ",TRUE,"igd",NA,NA,NA,NA,NA,NA,NA,188135783,0.00374156,"3",2.87799e-09,169545,"ebi-a-GCST004608","Granulocyte percentage of myeloid white cells || id:ebi-a-GCST004608",TRUE,"reported","igd",2,FALSE
"rs12602172","A","G","A","G",0.0892947,-1.147e-05,0.3903,0.387805,FALSE,FALSE,FALSE,"ukb-b-7872","17","38163567",0.000718061,461113,0.99,"Mouth/teeth dental problems: Bleeding gums || id:ukb-b-7872","Mouth/teeth dental problems: Bleeding gums","Mouth/teeth dental problems: Bleeding gums ||  || ",TRUE,"igd",NA,NA,NA,NA,NA,NA,NA,38163567,0.00364747,"17",2.33884e-132,169545,"ebi-a-GCST004608","Granulocyte percentage of myeloid white cells || id:ebi-a-GCST004608",TRUE,"reported","igd",2,TRUE
"rs1260326","C","T","C","T",-0.0393414,-0.00209697,0.6053,0.60432,FALSE,FALSE,FALSE,"ukb-b-7872","2","27730940",0.000715498,461113,0.00340001,"Mouth/teeth dental problems: Bleeding gums || id:ukb-b-7872","Mouth/teeth dental problems: Bleeding gums","Mouth/teeth dental problems: Bleeding gums ||  || ",TRUE,"igd",NA,NA,NA,NA,NA,NA,NA,27730940,0.00363641,"2",2.80479e-27,169545,"ebi-a-GCST004608","Granulocyte percentage of myeloid white cells || id:ebi-a-GCST004608",TRUE,"reported","igd",2,TRUE
"rs12787112","G","A","G","A",0.0223691,0.0013971,0.3478,0.347857,FALSE,FALSE,FALSE,"ukb-b-7872","11","47687147",0.000733935,461113,0.0569994,"Mouth/teeth dental problems: Bleeding gums || id:ukb-b-7872","Mouth/teeth dental problems: Bleeding gums","Mouth/teeth dental problems: Bleeding gums ||  || ",TRUE,"igd",NA,NA,NA,NA,NA,NA,NA,47687147,0.0037354,"11",2.119e-09,169545,"ebi-a-GCST004608","Granulocyte percentage of myeloid white cells || id:ebi-a-GCST004608",TRUE,"reported","igd",2,TRUE
"rs12874404","G","A","G","A",0.0465452,8.71968e-05,0.0543,0.053944,FALSE,FALSE,FALSE,"ukb-b-7872","13","108993494",0.00154882,461113,0.96,"Mouth/teeth dental problems: Bleeding gums || id:ukb-b-7872","Mouth/teeth dental problems: Bleeding gums","Mouth/teeth dental problems: Bleeding gums ||  || ",TRUE,"igd",NA,NA,NA,NA,NA,NA,NA,108993494,0.00792438,"13",4.26197e-09,169545,"ebi-a-GCST004608","Granulocyte percentage of myeloid white cells || id:ebi-a-GCST004608",TRUE,"reported","igd",2,TRUE
"rs12927351","A","C","A","C",0.0355192,0.00231143,0.1981,0.198372,FALSE,FALSE,FALSE,"ukb-b-7872","16","74596618",0.000877638,461113,0.00840001,"Mouth/teeth dental problems: Bleeding gums || id:ukb-b-7872","Mouth/teeth dental problems: Bleeding gums","Mouth/teeth dental problems: Bleeding gums ||  || ",TRUE,"igd",NA,NA,NA,NA,NA,NA,NA,74596618,0.00447273,"16",2.00078e-15,169545,"ebi-a-GCST004608","Granulocyte percentage of myeloid white cells || id:ebi-a-GCST004608",TRUE,"reported","igd",2,TRUE
"rs12936529","T","C","T","C",-0.0348008,-0.00094741,0.4785,0.476594,FALSE,FALSE,FALSE,"ukb-b-7872","17","16168784",0.000702566,461113,0.18,"Mouth/teeth dental problems: Bleeding gums || id:ukb-b-7872","Mouth/teeth dental problems: Bleeding gums","Mouth/teeth dental problems: Bleeding gums ||  || ",TRUE,"igd",NA,NA,NA,NA,NA,NA,NA,16168784,0.00358133,"17",2.54507e-22,169545,"ebi-a-GCST004608","Granulocyte percentage of myeloid white cells || id:ebi-a-GCST004608",TRUE,"reported","igd",2,TRUE
"rs13332649","G","A","G","A",-0.0611767,0.000397204,0.2247,0.22321,FALSE,FALSE,FALSE,"ukb-b-7872","16","85966683",0.000839996,461113,0.64,"Mouth/teeth dental problems: Bleeding gums || id:ukb-b-7872","Mouth/teeth dental problems: Bleeding gums","Mouth/teeth dental problems: Bleeding gums ||  || ",TRUE,"igd",NA,NA,NA,NA,NA,NA,NA,85966683,0.00427237,"16",1.66112e-46,169545,"ebi-a-GCST004608","Granulocyte percentage of myeloid white cells || id:ebi-a-GCST004608",TRUE,"reported","igd",2,TRUE
"rs141094656","C","T","C","T",-0.318121,0.00435236,0.0164,0.014499,FALSE,FALSE,FALSE,"ukb-b-7872","1","92753336",0.00306524,461113,0.16,"Mouth/teeth dental problems: Bleeding gums || id:ukb-b-7872","Mouth/teeth dental problems: Bleeding gums","Mouth/teeth dental problems: Bleeding gums ||  || ",TRUE,"igd",NA,NA,NA,NA,NA,NA,NA,92753336,0.0150231,"1",1.6099e-99,169545,"ebi-a-GCST004608","Granulocyte percentage of myeloid white cells || id:ebi-a-GCST004608",TRUE,"reported","igd",2,TRUE
"rs142552223","A","G","A","G",0.0524187,0.000424695,0.0402,0.039197,FALSE,FALSE,FALSE,"ukb-b-7872","3","172234017",0.00181783,461113,0.82,"Mouth/teeth dental problems: Bleeding gums || id:ukb-b-7872","Mouth/teeth dental problems: Bleeding gums","Mouth/teeth dental problems: Bleeding gums ||  || ",TRUE,"igd",NA,NA,NA,NA,NA,NA,NA,172234017,0.00920385,"3",1.232e-08,169545,"ebi-a-GCST004608","Granulocyte percentage of myeloid white cells || id:ebi-a-GCST004608",TRUE,"reported","igd",2,TRUE
"rs149007767","T","C","T","C",0.0886742,-0.00107545,0.1618,0.162141,FALSE,FALSE,FALSE,"ukb-b-7872","7","50370254",0.000985823,461113,0.28,"Mouth/teeth dental problems: Bleeding gums || id:ukb-b-7872","Mouth/teeth dental problems: Bleeding gums","Mouth/teeth dental problems: Bleeding gums ||  || ",TRUE,"igd",NA,NA,NA,NA,NA,NA,NA,50370254,0.00510666,"7",1.53497e-67,169545,"ebi-a-GCST004608","Granulocyte percentage of myeloid white cells || id:ebi-a-GCST004608",TRUE,"reported","igd",2,TRUE
"rs149110519","T","C","T","C",-0.112378,-0.00133811,0.0349,0.035515,FALSE,FALSE,FALSE,"ukb-b-7872","6","144385777",0.00190532,461113,0.48,"Mouth/teeth dental problems: Bleeding gums || id:ukb-b-7872","Mouth/teeth dental problems: Bleeding gums","Mouth/teeth dental problems: Bleeding gums ||  || ",TRUE,"igd",NA,NA,NA,NA,NA,NA,NA,144385777,0.00987817,"6",5.48025e-30,169545,"ebi-a-GCST004608","Granulocyte percentage of myeloid white cells || id:ebi-a-GCST004608",TRUE,"reported","igd",2,TRUE
"rs1493209","A","G","A","G",0.0231249,-0.000187724,0.3996,0.399881,FALSE,FALSE,FALSE,"ukb-b-7872","3","141292618",0.00071787,461113,0.79,"Mouth/teeth dental problems: Bleeding gums || id:ukb-b-7872","Mouth/teeth dental problems: Bleeding gums","Mouth/teeth dental problems: Bleeding gums ||  || ",TRUE,"igd",NA,NA,NA,NA,NA,NA,NA,141292618,0.00365301,"3",2.44602e-10,169545,"ebi-a-GCST004608","Granulocyte percentage of myeloid white cells || id:ebi-a-GCST004608",TRUE,"reported","igd",2,TRUE
"rs149698681","C","G","C","G",-0.0783688,-0.000237566,0.0219,0.020544,FALSE,TRUE,FALSE,"ukb-b-7872","15","42651900",0.00249712,461113,0.92,"Mouth/teeth dental problems: Bleeding gums || id:ukb-b-7872","Mouth/teeth dental problems: Bleeding gums","Mouth/teeth dental problems: Bleeding gums ||  || ",TRUE,"igd",NA,NA,NA,NA,NA,NA,NA,42651900,0.0123629,"15",2.31302e-10,169545,"ebi-a-GCST004608","Granulocyte percentage of myeloid white cells || id:ebi-a-GCST004608",TRUE,"reported","igd",2,TRUE
"rs150449635","C","T","C","T",-0.127984,0.00053852,0.024,0.022292,FALSE,FALSE,FALSE,"ukb-b-7872","2","111752151",0.00248814,461113,0.83,"Mouth/teeth dental problems: Bleeding gums || id:ukb-b-7872","Mouth/teeth dental problems: Bleeding gums","Mouth/teeth dental problems: Bleeding gums ||  || ",TRUE,"igd",NA,NA,NA,NA,NA,NA,NA,111752151,0.0123803,"2",4.75883e-25,169545,"ebi-a-GCST004608","Granulocyte percentage of myeloid white cells || id:ebi-a-GCST004608",TRUE,"reported","igd",2,TRUE
"rs1555133","A","G","A","G",0.0294236,0.000908888,0.3127,0.310035,FALSE,FALSE,FALSE,"ukb-b-7872","20","31048382",0.000765121,461113,0.23,"Mouth/teeth dental problems: Bleeding gums || id:ukb-b-7872","Mouth/teeth dental problems: Bleeding gums","Mouth/teeth dental problems: Bleeding gums ||  || ",TRUE,"igd",NA,NA,NA,NA,NA,NA,NA,31048382,0.0039149,"20",5.65718e-14,169545,"ebi-a-GCST004608","Granulocyte percentage of myeloid white cells || id:ebi-a-GCST004608",TRUE,"reported","igd",2,TRUE
"rs1663626","A","C","A","C",-0.0232805,-0.00061226,0.3976,0.404026,FALSE,FALSE,FALSE,"ukb-b-7872","1","212499895",0.000714355,461113,0.39,"Mouth/teeth dental problems: Bleeding gums || id:ukb-b-7872","Mouth/teeth dental problems: Bleeding gums","Mouth/teeth dental problems: Bleeding gums ||  || ",TRUE,"igd",TRUE,"rs1663626","rs12024665","A","C","T","C",212422567,0.00366507,"1",2.12501e-10,169545,"ebi-a-GCST004608","Granulocyte percentage of myeloid white cells || id:ebi-a-GCST004608",TRUE,"reported","igd",2,TRUE
"rs16850073","T","C","T","C",0.0366196,-0.00186716,0.3749,0.374986,FALSE,FALSE,FALSE,"ukb-b-7872","4","74703999",0.000728217,461113,0.01,"Mouth/teeth dental problems: Bleeding gums || id:ukb-b-7872","Mouth/teeth dental problems: Bleeding gums","Mouth/teeth dental problems: Bleeding gums ||  || ",TRUE,"igd",NA,NA,NA,NA,NA,NA,NA,74703999,0.00370822,"4",5.32844e-23,169545,"ebi-a-GCST004608","Granulocyte percentage of myeloid white cells || id:ebi-a-GCST004608",TRUE,"reported","igd",2,TRUE
"rs17086242","C","T","C","T",0.055619,-0.00050745,0.0414,0.041303,FALSE,FALSE,FALSE,"ukb-b-7872","13","28611221",0.0017601,461113,0.77,"Mouth/teeth dental problems: Bleeding gums || id:ukb-b-7872","Mouth/teeth dental problems: Bleeding gums","Mouth/teeth dental problems: Bleeding gums ||  || ",TRUE,"igd",NA,NA,NA,NA,NA,NA,NA,28611221,0.00899043,"13",6.15304e-10,169545,"ebi-a-GCST004608","Granulocyte percentage of myeloid white cells || id:ebi-a-GCST004608",TRUE,"reported","igd",2,TRUE
"rs17382303","G","T","G","T",-0.0410687,0.000418956,0.2614,0.259889,FALSE,FALSE,FALSE,"ukb-b-7872","2","136893225",0.000799179,461113,0.6,"Mouth/teeth dental problems: Bleeding gums || id:ukb-b-7872","Mouth/teeth dental problems: Bleeding gums","Mouth/teeth dental problems: Bleeding gums ||  || ",TRUE,"igd",NA,NA,NA,NA,NA,NA,NA,136893225,0.00405942,"2",4.6505e-24,169545,"ebi-a-GCST004608","Granulocyte percentage of myeloid white cells || id:ebi-a-GCST004608",TRUE,"reported","igd",2,TRUE
"rs174556","T","C","T","C",-0.0329064,0.00153805,0.3082,0.307216,FALSE,FALSE,FALSE,"ukb-b-7872","11","61580635",0.000758743,461113,0.0430002,"Mouth/teeth dental problems: Bleeding gums || id:ukb-b-7872","Mouth/teeth dental problems: Bleeding gums","Mouth/teeth dental problems: Bleeding gums ||  || ",TRUE,"igd",NA,NA,NA,NA,NA,NA,NA,61580635,0.00385931,"11",1.508e-17,169545,"ebi-a-GCST004608","Granulocyte percentage of myeloid white cells || id:ebi-a-GCST004608",TRUE,"reported","igd",2,TRUE
"rs17592479","A","T","A","T",-0.0246634,0.0023558,0.5073,0.50804,FALSE,TRUE,TRUE,"ukb-b-7872","1","227173892",0.000700513,461113,0.000769999,"Mouth/teeth dental problems: Bleeding gums || id:ukb-b-7872","Mouth/teeth dental problems: Bleeding gums","Mouth/teeth dental problems: Bleeding gums ||  || ",TRUE,"igd",NA,NA,NA,NA,NA,NA,NA,227173892,0.00355842,"1",4.17927e-12,169545,"ebi-a-GCST004608","Granulocyte percentage of myeloid white cells || id:ebi-a-GCST004608",TRUE,"reported","igd",2,FALSE
"rs17613339","T","C","T","C",-0.0339924,0.000453591,0.1287,0.127838,FALSE,FALSE,FALSE,"ukb-b-7872","1","118139540",0.0010538,461113,0.67,"Mouth/teeth dental problems: Bleeding gums || id:ukb-b-7872","Mouth/teeth dental problems: Bleeding gums","Mouth/teeth dental problems: Bleeding gums ||  || ",TRUE,"igd",NA,NA,NA,NA,NA,NA,NA,118139540,0.00536787,"1",2.41102e-10,169545,"ebi-a-GCST004608","Granulocyte percentage of myeloid white cells || id:ebi-a-GCST004608",TRUE,"reported","igd",2,TRUE
"rs17758695","T","C","T","C",0.0596533,-0.00111312,0.0299,0.02923,FALSE,FALSE,FALSE,"ukb-b-7872","18","60920854",0.00207912,461113,0.59,"Mouth/teeth dental problems: Bleeding gums || id:ukb-b-7872","Mouth/teeth dental problems: Bleeding gums","Mouth/teeth dental problems: Bleeding gums ||  || ",TRUE,"igd",NA,NA,NA,NA,NA,NA,NA,60920854,0.0105518,"18",1.573e-08,169545,"ebi-a-GCST004608","Granulocyte percentage of myeloid white cells || id:ebi-a-GCST004608",TRUE,"reported","igd",2,TRUE
"rs1800973","A","C","A","C",-0.087059,-5.20678e-05,0.0617,0.061174,FALSE,FALSE,FALSE,"ukb-b-7872","12","69744014",0.00146094,461113,0.97,"Mouth/teeth dental problems: Bleeding gums || id:ukb-b-7872","Mouth/teeth dental problems: Bleeding gums","Mouth/teeth dental problems: Bleeding gums ||  || ",TRUE,"igd",NA,NA,NA,NA,NA,NA,NA,69744014,0.00742804,"12",1.003e-31,169545,"ebi-a-GCST004608","Granulocyte percentage of myeloid white cells || id:ebi-a-GCST004608",TRUE,"reported","igd",2,TRUE
"rs1892548","C","T","C","T",0.0590919,-0.00122414,0.6578,0.656098,FALSE,FALSE,FALSE,"ukb-b-7872","13","41002641",0.000741858,461113,0.0990011,"Mouth/teeth dental problems: Bleeding gums || id:ukb-b-7872","Mouth/teeth dental problems: Bleeding gums","Mouth/teeth dental problems: Bleeding gums ||  || ",TRUE,"igd",NA,NA,NA,NA,NA,NA,NA,41002641,0.00381141,"13",3.26287e-54,169545,"ebi-a-GCST004608","Granulocyte percentage of myeloid white cells || id:ebi-a-GCST004608",TRUE,"reported","igd",2,TRUE
"rs190801344","G","C","G","C",-0.095893,-0.00116572,0.0195,0.019242,FALSE,TRUE,FALSE,"ukb-b-7872","12","53735778",0.00261973,461113,0.66,"Mouth/teeth dental problems: Bleeding gums || id:ukb-b-7872","Mouth/teeth dental problems: Bleeding gums","Mouth/teeth dental problems: Bleeding gums ||  || ",TRUE,"igd",NA,NA,NA,NA,NA,NA,NA,53735778,0.0140166,"12",7.84332e-12,169545,"ebi-a-GCST004608","Granulocyte percentage of myeloid white cells || id:ebi-a-GCST004608",TRUE,"reported","igd",2,TRUE
"rs1985157","C","T","C","T",0.0411501,0.00189706,0.4123,0.410149,FALSE,FALSE,FALSE,"ukb-b-7872","19","18513594",0.00071184,461113,0.00769999,"Mouth/teeth dental problems: Bleeding gums || id:ukb-b-7872","Mouth/teeth dental problems: Bleeding gums","Mouth/teeth dental problems: Bleeding gums ||  || ",TRUE,"igd",NA,NA,NA,NA,NA,NA,NA,18513594,0.00362314,"19",6.80143e-30,169545,"ebi-a-GCST004608","Granulocyte percentage of myeloid white cells || id:ebi-a-GCST004608",TRUE,"reported","igd",2,TRUE
"rs2010054","G","A","G","A",-0.0739914,0.00150327,0.5947,0.594247,FALSE,FALSE,FALSE,"ukb-b-7872","3","128305302",0.000715358,461113,0.0359998,"Mouth/teeth dental problems: Bleeding gums || id:ukb-b-7872","Mouth/teeth dental problems: Bleeding gums","Mouth/teeth dental problems: Bleeding gums ||  || ",TRUE,"igd",NA,NA,NA,NA,NA,NA,NA,128305302,0.00361928,"3",6.84069e-93,169545,"ebi-a-GCST004608","Granulocyte percentage of myeloid white cells || id:ebi-a-GCST004608",TRUE,"reported","igd",2,TRUE
"rs2055710","A","G","A","G",0.0356866,0.000139168,0.1452,0.145856,FALSE,FALSE,FALSE,"ukb-b-7872","2","225766163",0.000995061,461113,0.89,"Mouth/teeth dental problems: Bleeding gums || id:ukb-b-7872","Mouth/teeth dental problems: Bleeding gums","Mouth/teeth dental problems: Bleeding gums ||  || ",TRUE,"igd",NA,NA,NA,NA,NA,NA,NA,225766163,0.00509686,"2",2.52872e-12,169545,"ebi-a-GCST004608","Granulocyte percentage of myeloid white cells || id:ebi-a-GCST004608",TRUE,"reported","igd",2,TRUE
"rs2082382","A","G","A","G",-0.036603,-9.91249e-05,0.5467,0.548843,FALSE,FALSE,FALSE,"ukb-b-7872","5","148200553",0.000707658,461113,0.89,"Mouth/teeth dental problems: Bleeding gums || id:ukb-b-7872","Mouth/teeth dental problems: Bleeding gums","Mouth/teeth dental problems: Bleeding gums ||  || ",TRUE,"igd",NA,NA,NA,NA,NA,NA,NA,148200553,0.00362531,"5",5.724e-24,169545,"ebi-a-GCST004608","Granulocyte percentage of myeloid white cells || id:ebi-a-GCST004608",TRUE,"reported","igd",2,TRUE
"rs2158799","G","C","G","C",0.0292199,0.000393272,0.6081,0.610246,FALSE,TRUE,FALSE,"ukb-b-7872","7","28277107",0.000721894,461113,0.59,"Mouth/teeth dental problems: Bleeding gums || id:ukb-b-7872","Mouth/teeth dental problems: Bleeding gums","Mouth/teeth dental problems: Bleeding gums ||  || ",TRUE,"igd",NA,NA,NA,NA,NA,NA,NA,28277107,0.0036958,"7",2.65277e-15,169545,"ebi-a-GCST004608","Granulocyte percentage of myeloid white cells || id:ebi-a-GCST004608",TRUE,"reported","igd",2,TRUE
"rs2213290","T","C","T","C",-0.0378909,0.000509095,0.4085,0.408898,FALSE,FALSE,FALSE,"ukb-b-7872","3","46406367",0.000714035,461113,0.48,"Mouth/teeth dental problems: Bleeding gums || id:ukb-b-7872","Mouth/teeth dental problems: Bleeding gums","Mouth/teeth dental problems: Bleeding gums ||  || ",TRUE,"igd",NA,NA,NA,NA,NA,NA,NA,46406367,0.00364169,"3",2.35776e-25,169545,"ebi-a-GCST004608","Granulocyte percentage of myeloid white cells || id:ebi-a-GCST004608",TRUE,"reported","igd",2,TRUE
"rs2228467","C","T","C","T",-0.127054,0.00179107,0.0616,0.061445,FALSE,FALSE,FALSE,"ukb-b-7872","3","42906116",0.00145601,461113,0.22,"Mouth/teeth dental problems: Bleeding gums || id:ukb-b-7872","Mouth/teeth dental problems: Bleeding gums","Mouth/teeth dental problems: Bleeding gums ||  || ",TRUE,"igd",NA,NA,NA,NA,NA,NA,NA,42906116,0.00741996,"3",9.95864e-66,169545,"ebi-a-GCST004608","Granulocyte percentage of myeloid white cells || id:ebi-a-GCST004608",TRUE,"reported","igd",2,TRUE
"rs2239630","G","A","G","A",-0.0484531,0.00102392,0.5596,0.557499,FALSE,FALSE,FALSE,"ukb-b-7872","14","23589349",0.0007074,461113,0.15,"Mouth/teeth dental problems: Bleeding gums || id:ukb-b-7872","Mouth/teeth dental problems: Bleeding gums","Mouth/teeth dental problems: Bleeding gums ||  || ",TRUE,"igd",NA,NA,NA,NA,NA,NA,NA,23589349,0.00361611,"14",6.10942e-41,169545,"ebi-a-GCST004608","Granulocyte percentage of myeloid white cells || id:ebi-a-GCST004608",TRUE,"reported","igd",2,TRUE
"rs2275984","C","T","C","T",0.0264913,0.00133892,0.3078,0.305867,FALSE,FALSE,FALSE,"ukb-b-7872","22","24622648",0.000759647,461113,0.0779992,"Mouth/teeth dental problems: Bleeding gums || id:ukb-b-7872","Mouth/teeth dental problems: Bleeding gums","Mouth/teeth dental problems: Bleeding gums ||  || ",TRUE,"igd",NA,NA,NA,NA,NA,NA,NA,24622648,0.0038664,"22",7.29962e-12,169545,"ebi-a-GCST004608","Granulocyte percentage of myeloid white cells || id:ebi-a-GCST004608",TRUE,"reported","igd",2,TRUE
"rs246395","C","T","C","T",0.0478237,-6.80215e-05,0.328,0.327619,FALSE,FALSE,FALSE,"ukb-b-7872","5","149499672",0.000749242,461113,0.93,"Mouth/teeth dental problems: Bleeding gums || id:ukb-b-7872","Mouth/teeth dental problems: Bleeding gums","Mouth/teeth dental problems: Bleeding gums ||  || ",TRUE,"igd",NA,NA,NA,NA,NA,NA,NA,149499672,0.00382272,"5",6.55239e-36,169545,"ebi-a-GCST004608","Granulocyte percentage of myeloid white cells || id:ebi-a-GCST004608",TRUE,"reported","igd",2,TRUE
"rs2491251","G","A","G","A",0.0284855,-0.00192922,0.7734,0.773816,FALSE,FALSE,FALSE,"ukb-b-7872","10","28814292",0.000836491,461113,0.021,"Mouth/teeth dental problems: Bleeding gums || id:ukb-b-7872","Mouth/teeth dental problems: Bleeding gums","Mouth/teeth dental problems: Bleeding gums ||  || ",TRUE,"igd",NA,NA,NA,NA,NA,NA,NA,28814292,0.00425663,"10",2.2009e-11,169545,"ebi-a-GCST004608","Granulocyte percentage of myeloid white cells || id:ebi-a-GCST004608",TRUE,"reported","igd",2,TRUE
"rs2516839","T","C","T","C",-0.0234247,-0.00105276,0.6174,0.616991,FALSE,FALSE,FALSE,"ukb-b-7872","1","161013121",0.000720616,461113,0.14,"Mouth/teeth dental problems: Bleeding gums || id:ukb-b-7872","Mouth/teeth dental problems: Bleeding gums","Mouth/teeth dental problems: Bleeding gums ||  || ",TRUE,"igd",NA,NA,NA,NA,NA,NA,NA,161013121,0.00365816,"1",1.51901e-10,169545,"ebi-a-GCST004608","Granulocyte percentage of myeloid white cells || id:ebi-a-GCST004608",TRUE,"reported","igd",2,TRUE
"rs2667978","G","A","G","A",-0.0254061,0.000765323,0.1985,0.200393,FALSE,FALSE,FALSE,"ukb-b-7872","8","56897951",0.000876666,461113,0.38,"Mouth/teeth dental problems: Bleeding gums || id:ukb-b-7872","Mouth/teeth dental problems: Bleeding gums","Mouth/teeth dental problems: Bleeding gums ||  || ",TRUE,"igd",NA,NA,NA,NA,NA,NA,NA,56897951,0.00448549,"8",1.47798e-08,169545,"ebi-a-GCST004608","Granulocyte percentage of myeloid white cells || id:ebi-a-GCST004608",TRUE,"reported","igd",2,TRUE
"rs2682509","G","A","G","A",0.047441,0.000334737,0.8722,0.841781,FALSE,FALSE,FALSE,"ukb-b-7872","12","10585083",0.00101738,461113,0.74,"Mouth/teeth dental problems: Bleeding gums || id:ukb-b-7872","Mouth/teeth dental problems: Bleeding gums","Mouth/teeth dental problems: Bleeding gums ||  || ",TRUE,"igd",TRUE,"rs2682509","rs10845128","A","G","C","T",10581591,0.0053921,"12",1.38995e-18,169545,"ebi-a-GCST004608","Granulocyte percentage of myeloid white cells || id:ebi-a-GCST004608",TRUE,"reported","igd",2,TRUE
"rs2738752","G","A","G","A",0.0272299,-0.00054424,0.3313,0.332009,FALSE,FALSE,FALSE,"ukb-b-7872","1","221056216",0.000743757,461113,0.46,"Mouth/teeth dental problems: Bleeding gums || id:ukb-b-7872","Mouth/teeth dental problems: Bleeding gums","Mouth/teeth dental problems: Bleeding gums ||  || ",TRUE,"igd",TRUE,"rs2738752","rs1317189","G","A","C","T",221052765,0.00381384,"1",9.34975e-13,169545,"ebi-a-GCST004608","Granulocyte percentage of myeloid white cells || id:ebi-a-GCST004608",TRUE,"reported","igd",2,TRUE
"rs2836883","A","G","A","G",-0.0235056,-8.64265e-05,0.2668,0.266651,FALSE,FALSE,FALSE,"ukb-b-7872","21","40466744",0.000793438,461113,0.91,"Mouth/teeth dental problems: Bleeding gums || id:ukb-b-7872","Mouth/teeth dental problems: Bleeding gums","Mouth/teeth dental problems: Bleeding gums ||  || ",TRUE,"igd",NA,NA,NA,NA,NA,NA,NA,40466744,0.00404933,"21",6.44407e-09,169545,"ebi-a-GCST004608","Granulocyte percentage of myeloid white cells || id:ebi-a-GCST004608",TRUE,"reported","igd",2,TRUE
"rs2846630","A","G","A","G",0.0358873,-6.3168e-05,0.4528,0.453708,FALSE,FALSE,FALSE,"ukb-b-7872","11","113957197",0.000724064,461113,0.93,"Mouth/teeth dental problems: Bleeding gums || id:ukb-b-7872","Mouth/teeth dental problems: Bleeding gums","Mouth/teeth dental problems: Bleeding gums ||  || ",TRUE,"igd",NA,NA,NA,NA,NA,NA,NA,113957197,0.00374068,"11",8.48985e-22,169545,"ebi-a-GCST004608","Granulocyte percentage of myeloid white cells || id:ebi-a-GCST004608",TRUE,"reported","igd",2,TRUE
"rs28498283","T","A","T","A",-0.0363203,0.000181721,0.2602,0.256535,FALSE,TRUE,FALSE,"ukb-b-7872","2","43360065",0.000810211,461113,0.82,"Mouth/teeth dental problems: Bleeding gums || id:ukb-b-7872","Mouth/teeth dental problems: Bleeding gums","Mouth/teeth dental problems: Bleeding gums ||  || ",TRUE,"igd",NA,NA,NA,NA,NA,NA,NA,43360065,0.00413437,"2",1.56387e-18,169545,"ebi-a-GCST004608","Granulocyte percentage of myeloid white cells || id:ebi-a-GCST004608",TRUE,"reported","igd",2,TRUE
"rs28500514","C","T","C","T",0.0609276,0.000366862,0.5691,0.568384,FALSE,FALSE,FALSE,"ukb-b-7872","8","130609068",0.000712075,461113,0.61,"Mouth/teeth dental problems: Bleeding gums || id:ukb-b-7872","Mouth/teeth dental problems: Bleeding gums","Mouth/teeth dental problems: Bleeding gums ||  || ",TRUE,"igd",NA,NA,NA,NA,NA,NA,NA,130609068,0.00362234,"8",1.74181e-63,169545,"ebi-a-GCST004608","Granulocyte percentage of myeloid white cells || id:ebi-a-GCST004608",TRUE,"reported","igd",2,TRUE
"rs28574727","T","C","T","C",0.0361101,0.00210915,0.1841,0.183825,FALSE,FALSE,FALSE,"ukb-b-7872","15","65742522",0.000904634,461113,0.02,"Mouth/teeth dental problems: Bleeding gums || id:ukb-b-7872","Mouth/teeth dental problems: Bleeding gums","Mouth/teeth dental problems: Bleeding gums ||  || ",TRUE,"igd",TRUE,"rs28574727","rs28662790","T","C","A","T",65742390,0.00460183,"15",4.26481e-15,169545,"ebi-a-GCST004608","Granulocyte percentage of myeloid white cells || id:ebi-a-GCST004608",TRUE,"reported","igd",2,TRUE
"rs2868729","G","A","G","A",0.0230744,-0.00103498,0.3528,0.35516,FALSE,FALSE,FALSE,"ukb-b-7872","4","84147407",0.000732573,461113,0.16,"Mouth/teeth dental problems: Bleeding gums || id:ukb-b-7872","Mouth/teeth dental problems: Bleeding gums","Mouth/teeth dental problems: Bleeding gums ||  || ",TRUE,"igd",NA,NA,NA,NA,NA,NA,NA,84147407,0.00374898,"4",7.51502e-10,169545,"ebi-a-GCST004608","Granulocyte percentage of myeloid white cells || id:ebi-a-GCST004608",TRUE,"reported","igd",2,TRUE
"rs2869981","G","A","G","A",0.0388763,-2.50195e-05,0.3005,0.300618,FALSE,FALSE,FALSE,"ukb-b-7872","20","48939095",0.00076446,461113,0.97,"Mouth/teeth dental problems: Bleeding gums || id:ukb-b-7872","Mouth/teeth dental problems: Bleeding gums","Mouth/teeth dental problems: Bleeding gums ||  || ",TRUE,"igd",NA,NA,NA,NA,NA,NA,NA,48939095,0.00389681,"20",1.93286e-23,169545,"ebi-a-GCST004608","Granulocyte percentage of myeloid white cells || id:ebi-a-GCST004608",TRUE,"reported","igd",2,TRUE
"rs2951865","C","A","C","A",0.0291412,-0.000957781,0.5164,0.517572,FALSE,FALSE,FALSE,"ukb-b-7872","8","6708924",0.000704544,461113,0.17,"Mouth/teeth dental problems: Bleeding gums || id:ukb-b-7872","Mouth/teeth dental problems: Bleeding gums","Mouth/teeth dental problems: Bleeding gums ||  || ",TRUE,"igd",NA,NA,NA,NA,NA,NA,NA,6708924,0.00360096,"8",5.83983e-16,169545,"ebi-a-GCST004608","Granulocyte percentage of myeloid white cells || id:ebi-a-GCST004608",TRUE,"reported","igd",2,TRUE
"rs2975785","G","A","G","A",-0.0206616,0.000411292,0.5435,0.543216,FALSE,FALSE,FALSE,"ukb-b-7872","2","241569329",0.00070245,461113,0.56,"Mouth/teeth dental problems: Bleeding gums || id:ukb-b-7872","Mouth/teeth dental problems: Bleeding gums","Mouth/teeth dental problems: Bleeding gums ||  || ",TRUE,"igd",NA,NA,NA,NA,NA,NA,NA,241569329,0.00357705,"2",7.64293e-09,169545,"ebi-a-GCST004608","Granulocyte percentage of myeloid white cells || id:ebi-a-GCST004608",TRUE,"reported","igd",2,TRUE
"rs3011641","A","C","A","C",-0.0255885,-0.000121947,0.2276,0.228061,FALSE,FALSE,FALSE,"ukb-b-7872","10","22393690",0.000837245,461113,0.88,"Mouth/teeth dental problems: Bleeding gums || id:ukb-b-7872","Mouth/teeth dental problems: Bleeding gums","Mouth/teeth dental problems: Bleeding gums ||  || ",TRUE,"igd",NA,NA,NA,NA,NA,NA,NA,22393690,0.004278,"10",2.21197e-09,169545,"ebi-a-GCST004608","Granulocyte percentage of myeloid white cells || id:ebi-a-GCST004608",TRUE,"reported","igd",2,TRUE
"rs34097845","T","C","T","C",0.125299,-0.00216333,0.0578,0.056653,FALSE,FALSE,FALSE,"ukb-b-7872","17","56358429",0.00155941,461113,0.17,"Mouth/teeth dental problems: Bleeding gums || id:ukb-b-7872","Mouth/teeth dental problems: Bleeding gums","Mouth/teeth dental problems: Bleeding gums ||  || ",TRUE,"igd",NA,NA,NA,NA,NA,NA,NA,56358429,0.0078902,"17",8.67561e-57,169545,"ebi-a-GCST004608","Granulocyte percentage of myeloid white cells || id:ebi-a-GCST004608",TRUE,"reported","igd",2,TRUE
"rs34293785","C","T","C","T",-0.0300597,0.00190654,0.3664,0.37027,FALSE,FALSE,FALSE,"ukb-b-7872","1","66156730",0.000725551,461113,0.00860003,"Mouth/teeth dental problems: Bleeding gums || id:ukb-b-7872","Mouth/teeth dental problems: Bleeding gums","Mouth/teeth dental problems: Bleeding gums ||  || ",TRUE,"igd",TRUE,"rs34293785","rs2889195","C","T","T","C",66137192,0.00372122,"1",6.5887e-16,169545,"ebi-a-GCST004608","Granulocyte percentage of myeloid white cells || id:ebi-a-GCST004608",TRUE,"reported","igd",2,TRUE
"rs34502618","G","A","G","A",-0.0337645,0.000395025,0.1648,0.163663,FALSE,FALSE,FALSE,"ukb-b-7872","1","27094156",0.000946134,461113,0.68,"Mouth/teeth dental problems: Bleeding gums || id:ukb-b-7872","Mouth/teeth dental problems: Bleeding gums","Mouth/teeth dental problems: Bleeding gums ||  || ",TRUE,"igd",NA,NA,NA,NA,NA,NA,NA,27094156,0.00481231,"1",2.27824e-12,169545,"ebi-a-GCST004608","Granulocyte percentage of myeloid white cells || id:ebi-a-GCST004608",TRUE,"reported","igd",2,TRUE
"rs35839762","T","C","T","C",0.0222473,0.00154625,0.3268,0.325703,FALSE,FALSE,FALSE,"ukb-b-7872","2","65668452",0.000745974,461113,0.0379997,"Mouth/teeth dental problems: Bleeding gums || id:ukb-b-7872","Mouth/teeth dental problems: Bleeding gums","Mouth/teeth dental problems: Bleeding gums ||  || ",TRUE,"igd",NA,NA,NA,NA,NA,NA,NA,65668452,0.00380991,"2",5.24204e-09,169545,"ebi-a-GCST004608","Granulocyte percentage of myeloid white cells || id:ebi-a-GCST004608",TRUE,"reported","igd",2,TRUE
"rs35979828","T","C","T","C",0.0466495,0.000410711,0.0704,0.07027,FALSE,FALSE,FALSE,"ukb-b-7872","12","54685880",0.0013683,461113,0.760001,"Mouth/teeth dental problems: Bleeding gums || id:ukb-b-7872","Mouth/teeth dental problems: Bleeding gums","Mouth/teeth dental problems: Bleeding gums ||  || ",TRUE,"igd",NA,NA,NA,NA,NA,NA,NA,54685880,0.00699023,"12",2.49689e-11,169545,"ebi-a-GCST004608","Granulocyte percentage of myeloid white cells || id:ebi-a-GCST004608",TRUE,"reported","igd",2,TRUE
"rs3784526","A","G","A","G",0.0484352,0.00265019,0.1078,0.106506,FALSE,FALSE,FALSE,"ukb-b-7872","15","101716797",0.00113749,461113,0.02,"Mouth/teeth dental problems: Bleeding gums || id:ukb-b-7872","Mouth/teeth dental problems: Bleeding gums","Mouth/teeth dental problems: Bleeding gums ||  || ",TRUE,"igd",NA,NA,NA,NA,NA,NA,NA,101716797,0.00578658,"15",5.75043e-17,169545,"ebi-a-GCST004608","Granulocyte percentage of myeloid white cells || id:ebi-a-GCST004608",TRUE,"reported","igd",2,TRUE
"rs3796051","T","G","T","G",0.0203889,-0.000943942,0.4677,0.468066,FALSE,FALSE,FALSE,"ukb-b-7872","2","64918070",0.000712507,461113,0.19,"Mouth/teeth dental problems: Bleeding gums || id:ukb-b-7872","Mouth/teeth dental problems: Bleeding gums","Mouth/teeth dental problems: Bleeding gums ||  || ",TRUE,"igd",NA,NA,NA,NA,NA,NA,NA,64918070,0.00363295,"2",1.99701e-08,169545,"ebi-a-GCST004608","Granulocyte percentage of myeloid white cells || id:ebi-a-GCST004608",TRUE,"reported","igd",2,TRUE
"rs3816521","A","T","A","T",-0.0220672,-0.000313357,0.3254,0.3233,FALSE,TRUE,FALSE,"ukb-b-7872","2","182374328",0.000752035,461113,0.68,"Mouth/teeth dental problems: Bleeding gums || id:ukb-b-7872","Mouth/teeth dental problems: Bleeding gums","Mouth/teeth dental problems: Bleeding gums ||  || ",TRUE,"igd",NA,NA,NA,NA,NA,NA,NA,182374328,0.00383113,"2",8.41201e-09,169545,"ebi-a-GCST004608","Granulocyte percentage of myeloid white cells || id:ebi-a-GCST004608",TRUE,"reported","igd",2,TRUE
"rs385893","C","T","C","T",0.0224897,0.000386655,0.5221,0.522377,FALSE,FALSE,FALSE,"ukb-b-7872","9","4763176",0.000701037,461113,0.58,"Mouth/teeth dental problems: Bleeding gums || id:ukb-b-7872","Mouth/teeth dental problems: Bleeding gums","Mouth/teeth dental problems: Bleeding gums ||  || ",TRUE,"igd",NA,NA,NA,NA,NA,NA,NA,4763176,0.00357262,"9",3.07397e-10,169545,"ebi-a-GCST004608","Granulocyte percentage of myeloid white cells || id:ebi-a-GCST004608",TRUE,"reported","igd",2,TRUE
"rs3917932","G","C","G","C",-0.0328671,0.000632387,0.5759,0.576755,FALSE,TRUE,TRUE,"ukb-b-7872","1","36943916",0.000710638,461113,0.37,"Mouth/teeth dental problems: Bleeding gums || id:ukb-b-7872","Mouth/teeth dental problems: Bleeding gums","Mouth/teeth dental problems: Bleeding gums ||  || ",TRUE,"igd",NA,NA,NA,NA,NA,NA,NA,36943916,0.00361922,"1",1.073e-19,169545,"ebi-a-GCST004608","Granulocyte percentage of myeloid white cells || id:ebi-a-GCST004608",TRUE,"reported","igd",2,FALSE
"rs391855","T","A","T","A",0.105392,0.00126688,0.4225,0.422882,FALSE,TRUE,TRUE,"ukb-b-7872","16","85928621",0.000712983,461113,0.0759994,"Mouth/teeth dental problems: Bleeding gums || id:ukb-b-7872","Mouth/teeth dental problems: Bleeding gums","Mouth/teeth dental problems: Bleeding gums ||  || ",TRUE,"igd",NA,NA,NA,NA,NA,NA,NA,85928621,0.00363957,"16",2.26986e-184,169545,"ebi-a-GCST004608","Granulocyte percentage of myeloid white cells || id:ebi-a-GCST004608",TRUE,"reported","igd",2,FALSE
"rs3923121","C","T","C","T",0.0255679,-0.000628833,0.3247,0.3243,FALSE,FALSE,FALSE,"ukb-b-7872","10","8472427",0.000749724,461113,0.4,"Mouth/teeth dental problems: Bleeding gums || id:ukb-b-7872","Mouth/teeth dental problems: Bleeding gums","Mouth/teeth dental problems: Bleeding gums ||  || ",TRUE,"igd",NA,NA,NA,NA,NA,NA,NA,8472427,0.00381909,"10",2.16023e-11,169545,"ebi-a-GCST004608","Granulocyte percentage of myeloid white cells || id:ebi-a-GCST004608",TRUE,"reported","igd",2,TRUE
"rs41409548","A","G","A","G",0.0753647,0.00241571,0.0345,0.033193,FALSE,FALSE,FALSE,"ukb-b-7872","22","17579495",0.00210551,461113,0.25,"Mouth/teeth dental problems: Bleeding gums || id:ukb-b-7872","Mouth/teeth dental problems: Bleeding gums","Mouth/teeth dental problems: Bleeding gums ||  || ",TRUE,"igd",NA,NA,NA,NA,NA,NA,NA,17579495,0.0107079,"22",1.94715e-12,169545,"ebi-a-GCST004608","Granulocyte percentage of myeloid white cells || id:ebi-a-GCST004608",TRUE,"reported","igd",2,TRUE
"rs4142441","G","A","G","A",-0.0467819,0.000701647,0.1541,0.150586,FALSE,FALSE,FALSE,"ukb-b-7872","20","42839620",0.000993203,461113,0.48,"Mouth/teeth dental problems: Bleeding gums || id:ukb-b-7872","Mouth/teeth dental problems: Bleeding gums","Mouth/teeth dental problems: Bleeding gums ||  || ",TRUE,"igd",NA,NA,NA,NA,NA,NA,NA,42839620,0.00505516,"20",2.15725e-20,169545,"ebi-a-GCST004608","Granulocyte percentage of myeloid white cells || id:ebi-a-GCST004608",TRUE,"reported","igd",2,TRUE
"rs4260915","T","C","T","C",-0.0403844,0.000682991,0.324,0.322305,FALSE,FALSE,FALSE,"ukb-b-7872","8","6902866",0.000752089,461113,0.36,"Mouth/teeth dental problems: Bleeding gums || id:ukb-b-7872","Mouth/teeth dental problems: Bleeding gums","Mouth/teeth dental problems: Bleeding gums ||  || ",TRUE,"igd",NA,NA,NA,NA,NA,NA,NA,6902866,0.00384689,"8",8.82877e-26,169545,"ebi-a-GCST004608","Granulocyte percentage of myeloid white cells || id:ebi-a-GCST004608",TRUE,"reported","igd",2,TRUE
"rs4272","G","A","G","A",0.0486948,0.00102454,0.2111,0.211241,FALSE,FALSE,FALSE,"ukb-b-7872","7","92236829",0.000860999,461113,0.23,"Mouth/teeth dental problems: Bleeding gums || id:ukb-b-7872","Mouth/teeth dental problems: Bleeding gums","Mouth/teeth dental problems: Bleeding gums ||  || ",TRUE,"igd",NA,NA,NA,NA,NA,NA,NA,92236829,0.00439645,"7",1.64097e-28,169545,"ebi-a-GCST004608","Granulocyte percentage of myeloid white cells || id:ebi-a-GCST004608",TRUE,"reported","igd",2,TRUE
"rs4385425","G","A","G","A",0.0681105,0.0011273,0.3211,0.322899,FALSE,FALSE,FALSE,"ukb-b-7872","7","50307334",0.000749918,461113,0.13,"Mouth/teeth dental problems: Bleeding gums || id:ukb-b-7872","Mouth/teeth dental problems: Bleeding gums","Mouth/teeth dental problems: Bleeding gums ||  || ",TRUE,"igd",NA,NA,NA,NA,NA,NA,NA,50307334,0.00382969,"7",9.2619e-71,169545,"ebi-a-GCST004608","Granulocyte percentage of myeloid white cells || id:ebi-a-GCST004608",TRUE,"reported","igd",2,TRUE
"rs453193","A","G","A","G",-0.0216575,-0.000304341,0.396,0.393371,FALSE,FALSE,FALSE,"ukb-b-7872","2","8450521",0.00071949,461113,0.67,"Mouth/teeth dental problems: Bleeding gums || id:ukb-b-7872","Mouth/teeth dental problems: Bleeding gums","Mouth/teeth dental problems: Bleeding gums ||  || ",TRUE,"igd",NA,NA,NA,NA,NA,NA,NA,8450521,0.00367454,"2",3.77103e-09,169545,"ebi-a-GCST004608","Granulocyte percentage of myeloid white cells || id:ebi-a-GCST004608",TRUE,"reported","igd",2,TRUE
"rs45577137","G","A","G","A",0.0806519,-0.00125133,0.046,0.044516,FALSE,FALSE,FALSE,"ukb-b-7872","8","48651633",0.00181216,461113,0.49,"Mouth/teeth dental problems: Bleeding gums || id:ukb-b-7872","Mouth/teeth dental problems: Bleeding gums","Mouth/teeth dental problems: Bleeding gums ||  || ",TRUE,"igd",NA,NA,NA,NA,NA,NA,NA,48651633,0.00895582,"8",2.14585e-19,169545,"ebi-a-GCST004608","Granulocyte percentage of myeloid white cells || id:ebi-a-GCST004608",TRUE,"reported","igd",2,TRUE
"rs4626924","T","C","T","C",0.0309342,-0.000906859,0.5498,0.550683,FALSE,FALSE,FALSE,"ukb-b-7872","1","234909298",0.000710284,461113,0.2,"Mouth/teeth dental problems: Bleeding gums || id:ukb-b-7872","Mouth/teeth dental problems: Bleeding gums","Mouth/teeth dental problems: Bleeding gums ||  || ",TRUE,"igd",NA,NA,NA,NA,NA,NA,NA,234909298,0.00364276,"1",2.03095e-17,169545,"ebi-a-GCST004608","Granulocyte percentage of myeloid white cells || id:ebi-a-GCST004608",TRUE,"reported","igd",2,TRUE
"rs4690295","G","A","G","A",0.0258804,0.00184407,0.3152,0.315421,FALSE,FALSE,FALSE,"ukb-b-7872","4","719715",0.000753649,461113,0.0140001,"Mouth/teeth dental problems: Bleeding gums || id:ukb-b-7872","Mouth/teeth dental problems: Bleeding gums","Mouth/teeth dental problems: Bleeding gums ||  || ",TRUE,"igd",NA,NA,NA,NA,NA,NA,NA,719715,0.00383917,"4",1.57217e-11,169545,"ebi-a-GCST004608","Granulocyte percentage of myeloid white cells || id:ebi-a-GCST004608",TRUE,"reported","igd",2,TRUE
"rs4711698","T","C","T","C",0.0431986,-0.00196307,0.7558,0.755735,FALSE,FALSE,FALSE,"ukb-b-7872","6","41987451",0.000816042,461113,0.016,"Mouth/teeth dental problems: Bleeding gums || id:ukb-b-7872","Mouth/teeth dental problems: Bleeding gums","Mouth/teeth dental problems: Bleeding gums ||  || ",TRUE,"igd",NA,NA,NA,NA,NA,NA,NA,41987451,0.00415216,"6",2.38013e-25,169545,"ebi-a-GCST004608","Granulocyte percentage of myeloid white cells || id:ebi-a-GCST004608",TRUE,"reported","igd",2,TRUE
"rs4760","G","A","G","A",-0.0629712,0.00113336,0.157,0.155165,FALSE,FALSE,FALSE,"ukb-b-7872","19","44153100",0.000966833,461113,0.24,"Mouth/teeth dental problems: Bleeding gums || id:ukb-b-7872","Mouth/teeth dental problems: Bleeding gums","Mouth/teeth dental problems: Bleeding gums ||  || ",TRUE,"igd",NA,NA,NA,NA,NA,NA,NA,44153100,0.00490688,"19",1.06807e-37,169545,"ebi-a-GCST004608","Granulocyte percentage of myeloid white cells || id:ebi-a-GCST004608",TRUE,"reported","igd",2,TRUE
"rs4964677","C","T","C","T",-0.0252408,-0.000551675,0.3897,0.388335,FALSE,FALSE,FALSE,"ukb-b-7872","12","108720446",0.00071972,461113,0.44,"Mouth/teeth dental problems: Bleeding gums || id:ukb-b-7872","Mouth/teeth dental problems: Bleeding gums","Mouth/teeth dental problems: Bleeding gums ||  || ",TRUE,"igd",NA,NA,NA,NA,NA,NA,NA,108720446,0.00366784,"12",5.91562e-12,169545,"ebi-a-GCST004608","Granulocyte percentage of myeloid white cells || id:ebi-a-GCST004608",TRUE,"reported","igd",2,TRUE
"rs4970966","T","G","T","G",0.0647237,-0.000699887,0.225,0.222559,FALSE,FALSE,FALSE,"ukb-b-7872","1","150584103",0.000845887,461113,0.41,"Mouth/teeth dental problems: Bleeding gums || id:ukb-b-7872","Mouth/teeth dental problems: Bleeding gums","Mouth/teeth dental problems: Bleeding gums ||  || ",TRUE,"igd",NA,NA,NA,NA,NA,NA,NA,150584103,0.00430205,"1",3.72992e-51,169545,"ebi-a-GCST004608","Granulocyte percentage of myeloid white cells || id:ebi-a-GCST004608",TRUE,"reported","igd",2,TRUE
"rs55793580","T","C","T","C",-0.0390012,-0.00147511,0.1578,0.156799,FALSE,FALSE,FALSE,"ukb-b-7872","9","127009395",0.000965924,461113,0.13,"Mouth/teeth dental problems: Bleeding gums || id:ukb-b-7872","Mouth/teeth dental problems: Bleeding gums","Mouth/teeth dental problems: Bleeding gums ||  || ",TRUE,"igd",NA,NA,NA,NA,NA,NA,NA,127009395,0.00493498,"9",2.7227e-15,169545,"ebi-a-GCST004608","Granulocyte percentage of myeloid white cells || id:ebi-a-GCST004608",TRUE,"reported","igd",2,TRUE
"rs56388170","T","G","T","G",0.058428,-0.000177191,0.2956,0.29277,FALSE,FALSE,FALSE,"ukb-b-7872","7","28724374",0.000775702,461113,0.82,"Mouth/teeth dental problems: Bleeding gums || id:ukb-b-7872","Mouth/teeth dental problems: Bleeding gums","Mouth/teeth dental problems: Bleeding gums ||  || ",TRUE,"igd",NA,NA,NA,NA,NA,NA,NA,28724374,0.00397137,"7",5.37279e-49,169545,"ebi-a-GCST004608","Granulocyte percentage of myeloid white cells || id:ebi-a-GCST004608",TRUE,"reported","igd",2,TRUE
"rs57454756","T","C","T","C",0.046378,2.75457e-06,0.0773,0.077209,FALSE,FALSE,FALSE,"ukb-b-7872","4","6958582",0.00131357,461113,1,"Mouth/teeth dental problems: Bleeding gums || id:ukb-b-7872","Mouth/teeth dental problems: Bleeding gums","Mouth/teeth dental problems: Bleeding gums ||  || ",TRUE,"igd",NA,NA,NA,NA,NA,NA,NA,6958582,0.00668961,"4",4.12477e-12,169545,"ebi-a-GCST004608","Granulocyte percentage of myeloid white cells || id:ebi-a-GCST004608",TRUE,"reported","igd",2,TRUE
"rs58472088","A","G","A","G",0.0278451,-0.00172885,0.1632,0.152307,FALSE,FALSE,FALSE,"ukb-b-7872","5","132322852",0.000974501,461113,0.0759994,"Mouth/teeth dental problems: Bleeding gums || id:ukb-b-7872","Mouth/teeth dental problems: Bleeding gums","Mouth/teeth dental problems: Bleeding gums ||  || ",TRUE,"igd",TRUE,"rs58472088","rs12332674","A","G","G","T",132318840,0.00486853,"5",1.06901e-08,169545,"ebi-a-GCST004608","Granulocyte percentage of myeloid white cells || id:ebi-a-GCST004608",TRUE,"reported","igd",2,TRUE
"rs58473820","T","C","T","C",-0.0296965,0.00158339,0.3793,0.37793,FALSE,FALSE,FALSE,"ukb-b-7872","11","122514403",0.000723863,461113,0.0290001,"Mouth/teeth dental problems: Bleeding gums || id:ukb-b-7872","Mouth/teeth dental problems: Bleeding gums","Mouth/teeth dental problems: Bleeding gums ||  || ",TRUE,"igd",NA,NA,NA,NA,NA,NA,NA,122514403,0.00368283,"11",7.41481e-16,169545,"ebi-a-GCST004608","Granulocyte percentage of myeloid white cells || id:ebi-a-GCST004608",TRUE,"reported","igd",2,TRUE
"rs58653258","C","T","C","T",-0.0382698,-0.0009183,0.0947,0.094557,FALSE,FALSE,FALSE,"ukb-b-7872","1","234990900",0.00119838,461113,0.44,"Mouth/teeth dental problems: Bleeding gums || id:ukb-b-7872","Mouth/teeth dental problems: Bleeding gums","Mouth/teeth dental problems: Bleeding gums ||  || ",TRUE,"igd",NA,NA,NA,NA,NA,NA,NA,234990900,0.00611648,"1",3.92898e-10,169545,"ebi-a-GCST004608","Granulocyte percentage of myeloid white cells || id:ebi-a-GCST004608",TRUE,"reported","igd",2,TRUE
"rs60969446","C","T","C","T",-0.0217135,0.00122467,0.5687,0.568164,FALSE,FALSE,FALSE,"ukb-b-7872","19","33759573",0.000711587,461113,0.0850002,"Mouth/teeth dental problems: Bleeding gums || id:ukb-b-7872","Mouth/teeth dental problems: Bleeding gums","Mouth/teeth dental problems: Bleeding gums ||  || ",TRUE,"igd",NA,NA,NA,NA,NA,NA,NA,33759573,0.00363506,"19",2.32402e-09,169545,"ebi-a-GCST004608","Granulocyte percentage of myeloid white cells || id:ebi-a-GCST004608",TRUE,"reported","igd",2,TRUE
"rs6125961","A","C","A","C",0.0599125,-0.00218746,0.2026,0.200212,FALSE,FALSE,FALSE,"ukb-b-7872","20","48884124",0.000879892,461113,0.0129999,"Mouth/teeth dental problems: Bleeding gums || id:ukb-b-7872","Mouth/teeth dental problems: Bleeding gums","Mouth/teeth dental problems: Bleeding gums ||  || ",TRUE,"igd",NA,NA,NA,NA,NA,NA,NA,48884124,0.00447702,"20",7.68245e-41,169545,"ebi-a-GCST004608","Granulocyte percentage of myeloid white cells || id:ebi-a-GCST004608",TRUE,"reported","igd",2,TRUE
"rs62049817","C","T","C","T",0.0235905,0.000432102,0.2989,0.322776,FALSE,FALSE,FALSE,"ukb-b-7872","16","53371463",0.000751059,461113,0.57,"Mouth/teeth dental problems: Bleeding gums || id:ukb-b-7872","Mouth/teeth dental problems: Bleeding gums","Mouth/teeth dental problems: Bleeding gums ||  || ",TRUE,"igd",TRUE,"rs62049817","rs62049819","C","T","G","A",53370021,0.00392952,"16",1.93201e-09,169545,"ebi-a-GCST004608","Granulocyte percentage of myeloid white cells || id:ebi-a-GCST004608",TRUE,"reported","igd",2,TRUE
"rs62143206","T","G","T","G",0.0725188,-0.00011701,0.2106,0.210615,FALSE,FALSE,FALSE,"ukb-b-7872","19","54326212",0.00086054,461113,0.89,"Mouth/teeth dental problems: Bleeding gums || id:ukb-b-7872","Mouth/teeth dental problems: Bleeding gums","Mouth/teeth dental problems: Bleeding gums ||  || ",TRUE,"igd",NA,NA,NA,NA,NA,NA,NA,54326212,0.00438673,"19",2.18022e-61,169545,"ebi-a-GCST004608","Granulocyte percentage of myeloid white cells || id:ebi-a-GCST004608",TRUE,"reported","igd",2,TRUE
"rs62262391","T","C","T","C",0.0243622,-0.000408625,0.2243,0.225036,FALSE,FALSE,FALSE,"ukb-b-7872","3","123105119",0.000838206,461113,0.630001,"Mouth/teeth dental problems: Bleeding gums || id:ukb-b-7872","Mouth/teeth dental problems: Bleeding gums","Mouth/teeth dental problems: Bleeding gums ||  || ",TRUE,"igd",NA,NA,NA,NA,NA,NA,NA,123105119,0.00429003,"3",1.356e-08,169545,"ebi-a-GCST004608","Granulocyte percentage of myeloid white cells || id:ebi-a-GCST004608",TRUE,"reported","igd",2,TRUE
"rs62408211","T","A","T","A",-0.0205757,-0.00207008,0.3648,0.364514,FALSE,TRUE,FALSE,"ukb-b-7872","6","90902808",0.000727975,461113,0.00449997,"Mouth/teeth dental problems: Bleeding gums || id:ukb-b-7872","Mouth/teeth dental problems: Bleeding gums","Mouth/teeth dental problems: Bleeding gums ||  || ",TRUE,"igd",NA,NA,NA,NA,NA,NA,NA,90902808,0.00371075,"6",2.94198e-08,169545,"ebi-a-GCST004608","Granulocyte percentage of myeloid white cells || id:ebi-a-GCST004608",TRUE,"reported","igd",2,TRUE
"rs6469606","T","C","T","C",0.0348828,0.000196561,0.5667,0.568637,FALSE,FALSE,FALSE,"ukb-b-7872","8","116601902",0.000708764,461113,0.780001,"Mouth/teeth dental problems: Bleeding gums || id:ukb-b-7872","Mouth/teeth dental problems: Bleeding gums","Mouth/teeth dental problems: Bleeding gums ||  || ",TRUE,"igd",NA,NA,NA,NA,NA,NA,NA,116601902,0.00362448,"8",6.3183e-22,169545,"ebi-a-GCST004608","Granulocyte percentage of myeloid white cells || id:ebi-a-GCST004608",TRUE,"reported","igd",2,TRUE
"rs6658646","T","C","T","C",0.0300059,-0.00021117,0.16,0.160147,FALSE,FALSE,FALSE,"ukb-b-7872","1","162212765",0.000954114,461113,0.82,"Mouth/teeth dental problems: Bleeding gums || id:ukb-b-7872","Mouth/teeth dental problems: Bleeding gums","Mouth/teeth dental problems: Bleeding gums ||  || ",TRUE,"igd",NA,NA,NA,NA,NA,NA,NA,162212765,0.0048576,"1",6.528e-10,169545,"ebi-a-GCST004608","Granulocyte percentage of myeloid white cells || id:ebi-a-GCST004608",TRUE,"reported","igd",2,TRUE
"rs6796","C","T","C","T",-0.0594208,-8.98783e-05,0.2773,0.277158,FALSE,FALSE,FALSE,"ukb-b-7872","7","6502367",0.000782235,461113,0.91,"Mouth/teeth dental problems: Bleeding gums || id:ukb-b-7872","Mouth/teeth dental problems: Bleeding gums","Mouth/teeth dental problems: Bleeding gums ||  || ",TRUE,"igd",NA,NA,NA,NA,NA,NA,NA,6502367,0.00398164,"7",2.311e-50,169545,"ebi-a-GCST004608","Granulocyte percentage of myeloid white cells || id:ebi-a-GCST004608",TRUE,"reported","igd",2,TRUE
"rs6957745","C","T","C","T",-0.029465,-0.00163179,0.2032,0.202974,FALSE,FALSE,FALSE,"ukb-b-7872","7","73056750",0.000874381,461113,0.0619998,"Mouth/teeth dental problems: Bleeding gums || id:ukb-b-7872","Mouth/teeth dental problems: Bleeding gums","Mouth/teeth dental problems: Bleeding gums ||  || ",TRUE,"igd",NA,NA,NA,NA,NA,NA,NA,73056750,0.00446483,"7",4.12857e-11,169545,"ebi-a-GCST004608","Granulocyte percentage of myeloid white cells || id:ebi-a-GCST004608",TRUE,"reported","igd",2,TRUE
"rs7115703","A","T","A","T",0.0543283,-0.000321479,0.5124,0.514041,FALSE,TRUE,TRUE,"ukb-b-7872","11","306920",0.000701607,461113,0.649999,"Mouth/teeth dental problems: Bleeding gums || id:ukb-b-7872","Mouth/teeth dental problems: Bleeding gums","Mouth/teeth dental problems: Bleeding gums ||  || ",TRUE,"igd",NA,NA,NA,NA,NA,NA,NA,306920,0.00357784,"11",4.46786e-52,169545,"ebi-a-GCST004608","Granulocyte percentage of myeloid white cells || id:ebi-a-GCST004608",TRUE,"reported","igd",2,FALSE
"rs71423359","A","C","A","C",0.0432994,0.00104832,0.0638,0.065291,FALSE,FALSE,FALSE,"ukb-b-7872","14","69937523",0.00142023,461113,0.46,"Mouth/teeth dental problems: Bleeding gums || id:ukb-b-7872","Mouth/teeth dental problems: Bleeding gums","Mouth/teeth dental problems: Bleeding gums ||  || ",TRUE,"igd",TRUE,"rs71423359","rs34531959","A","C","A","G",69900790,0.00734564,"14",3.75699e-09,169545,"ebi-a-GCST004608","Granulocyte percentage of myeloid white cells || id:ebi-a-GCST004608",TRUE,"reported","igd",2,TRUE
"rs7212590","T","C","T","C",0.0514428,0.000461089,0.0797,0.079669,FALSE,FALSE,FALSE,"ukb-b-7872","17","57885709",0.00129077,461113,0.719999,"Mouth/teeth dental problems: Bleeding gums || id:ukb-b-7872","Mouth/teeth dental problems: Bleeding gums","Mouth/teeth dental problems: Bleeding gums ||  || ",TRUE,"igd",NA,NA,NA,NA,NA,NA,NA,57885709,0.00657586,"17",5.15941e-15,169545,"ebi-a-GCST004608","Granulocyte percentage of myeloid white cells || id:ebi-a-GCST004608",TRUE,"reported","igd",2,TRUE
"rs72767881","T","C","T","C",-0.0250832,0.000993476,0.4445,0.443666,FALSE,FALSE,FALSE,"ukb-b-7872","5","68592923",0.000706048,461113,0.16,"Mouth/teeth dental problems: Bleeding gums || id:ukb-b-7872","Mouth/teeth dental problems: Bleeding gums","Mouth/teeth dental problems: Bleeding gums ||  || ",TRUE,"igd",NA,NA,NA,NA,NA,NA,NA,68592923,0.00359479,"5",3.00193e-12,169545,"ebi-a-GCST004608","Granulocyte percentage of myeloid white cells || id:ebi-a-GCST004608",TRUE,"reported","igd",2,TRUE
"rs72810690","A","C","A","C",0.0238866,0.000485342,0.2537,0.252234,FALSE,FALSE,FALSE,"ukb-b-7872","5","178115306",0.00080931,461113,0.55,"Mouth/teeth dental problems: Bleeding gums || id:ukb-b-7872","Mouth/teeth dental problems: Bleeding gums","Mouth/teeth dental problems: Bleeding gums ||  || ",TRUE,"igd",NA,NA,NA,NA,NA,NA,NA,178115306,0.00413708,"5",7.75104e-09,169545,"ebi-a-GCST004608","Granulocyte percentage of myeloid white cells || id:ebi-a-GCST004608",TRUE,"reported","igd",2,TRUE
"rs72834597","G","A","G","A",0.0465993,-5.10307e-05,0.1574,0.156644,FALSE,FALSE,FALSE,"ukb-b-7872","2","111766647",0.000964792,461113,0.96,"Mouth/teeth dental problems: Bleeding gums || id:ukb-b-7872","Mouth/teeth dental problems: Bleeding gums","Mouth/teeth dental problems: Bleeding gums ||  || ",TRUE,"igd",NA,NA,NA,NA,NA,NA,NA,111766647,0.00490668,"2",2.15824e-21,169545,"ebi-a-GCST004608","Granulocyte percentage of myeloid white cells || id:ebi-a-GCST004608",TRUE,"reported","igd",2,TRUE
"rs72836346","C","G","C","G",-0.0486667,0.00508174,0.0801,0.078314,FALSE,TRUE,FALSE,"ukb-b-7872","2","111876613",0.00134087,461113,0.00015,"Mouth/teeth dental problems: Bleeding gums || id:ukb-b-7872","Mouth/teeth dental problems: Bleeding gums","Mouth/teeth dental problems: Bleeding gums ||  || ",TRUE,"igd",NA,NA,NA,NA,NA,NA,NA,111876613,0.00686885,"2",1.38899e-12,169545,"ebi-a-GCST004608","Granulocyte percentage of myeloid white cells || id:ebi-a-GCST004608",TRUE,"reported","igd",2,TRUE
"rs72973714","T","C","T","C",-0.0558284,-0.000675695,0.0679,0.066408,FALSE,FALSE,FALSE,"ukb-b-7872","18","74076020",0.00141185,461113,0.630001,"Mouth/teeth dental problems: Bleeding gums || id:ukb-b-7872","Mouth/teeth dental problems: Bleeding gums","Mouth/teeth dental problems: Bleeding gums ||  || ",TRUE,"igd",NA,NA,NA,NA,NA,NA,NA,74076020,0.00714355,"18",5.48656e-15,169545,"ebi-a-GCST004608","Granulocyte percentage of myeloid white cells || id:ebi-a-GCST004608",TRUE,"reported","igd",2,TRUE
"rs73058593","C","G","C","G",-0.0323021,-0.000537053,0.2174,0.217465,FALSE,TRUE,FALSE,"ukb-b-7872","3","39281374",0.000851856,461113,0.53,"Mouth/teeth dental problems: Bleeding gums || id:ukb-b-7872","Mouth/teeth dental problems: Bleeding gums","Mouth/teeth dental problems: Bleeding gums ||  || ",TRUE,"igd",NA,NA,NA,NA,NA,NA,NA,39281374,0.00435025,"3",1.12512e-13,169545,"ebi-a-GCST004608","Granulocyte percentage of myeloid white cells || id:ebi-a-GCST004608",TRUE,"reported","igd",2,TRUE
"rs73217470","G","A","G","A",-0.0643075,-0.000503036,0.0476,0.046777,FALSE,FALSE,FALSE,"ukb-b-7872","13","72513420",0.00167473,461113,0.760001,"Mouth/teeth dental problems: Bleeding gums || id:ukb-b-7872","Mouth/teeth dental problems: Bleeding gums","Mouth/teeth dental problems: Bleeding gums ||  || ",TRUE,"igd",NA,NA,NA,NA,NA,NA,NA,72513420,0.00850748,"13",4.06443e-14,169545,"ebi-a-GCST004608","Granulocyte percentage of myeloid white cells || id:ebi-a-GCST004608",TRUE,"reported","igd",2,TRUE
"rs75637630","C","A","C","A",-0.0248739,0.000451835,0.2627,0.268997,FALSE,FALSE,FALSE,"ukb-b-7872","17","29173948",0.00078962,461113,0.57,"Mouth/teeth dental problems: Bleeding gums || id:ukb-b-7872","Mouth/teeth dental problems: Bleeding gums","Mouth/teeth dental problems: Bleeding gums ||  || ",TRUE,"igd",TRUE,"rs75637630","rs62070644","C","A","T","G",29168078,0.00407853,"17",1.06901e-09,169545,"ebi-a-GCST004608","Granulocyte percentage of myeloid white cells || id:ebi-a-GCST004608",TRUE,"reported","igd",2,TRUE
"rs76025697","A","G","A","G",-0.0372163,-0.000642914,0.4196,0.419409,FALSE,FALSE,FALSE,"ukb-b-7872","5","179184488",0.000709591,461113,0.36,"Mouth/teeth dental problems: Bleeding gums || id:ukb-b-7872","Mouth/teeth dental problems: Bleeding gums","Mouth/teeth dental problems: Bleeding gums ||  || ",TRUE,"igd",NA,NA,NA,NA,NA,NA,NA,179184488,0.00361838,"5",8.2054e-25,169545,"ebi-a-GCST004608","Granulocyte percentage of myeloid white cells || id:ebi-a-GCST004608",TRUE,"reported","igd",2,TRUE
"rs76428106","C","T","C","T",-0.388883,-0.00150975,0.0147,0.012972,FALSE,FALSE,FALSE,"ukb-b-7872","13","28604007",0.00322214,461113,0.64,"Mouth/teeth dental problems: Bleeding gums || id:ukb-b-7872","Mouth/teeth dental problems: Bleeding gums","Mouth/teeth dental problems: Bleeding gums ||  || ",TRUE,"igd",NA,NA,NA,NA,NA,NA,NA,28604007,0.0156368,"13",1.58125e-136,169545,"ebi-a-GCST004608","Granulocyte percentage of myeloid white cells || id:ebi-a-GCST004608",TRUE,"reported","igd",2,TRUE
"rs7650082","G","T","G","T",0.0204483,0.000178824,0.4215,0.421194,FALSE,FALSE,FALSE,"ukb-b-7872","3","12267780",0.000709003,461113,0.8,"Mouth/teeth dental problems: Bleeding gums || id:ukb-b-7872","Mouth/teeth dental problems: Bleeding gums","Mouth/teeth dental problems: Bleeding gums ||  || ",TRUE,"igd",NA,NA,NA,NA,NA,NA,NA,12267780,0.0036085,"3",1.456e-08,169545,"ebi-a-GCST004608","Granulocyte percentage of myeloid white cells || id:ebi-a-GCST004608",TRUE,"reported","igd",2,TRUE
"rs76806311","A","G","A","G",-0.0780418,-0.00153934,0.0404,0.037721,FALSE,FALSE,FALSE,"ukb-b-7872","13","28849762",0.00183466,461113,0.4,"Mouth/teeth dental problems: Bleeding gums || id:ukb-b-7872","Mouth/teeth dental problems: Bleeding gums","Mouth/teeth dental problems: Bleeding gums ||  || ",TRUE,"igd",NA,NA,NA,NA,NA,NA,NA,28849762,0.00951844,"13",2.42382e-16,169545,"ebi-a-GCST004608","Granulocyte percentage of myeloid white cells || id:ebi-a-GCST004608",TRUE,"reported","igd",2,TRUE
"rs77059113","G","T","G","T",0.0446933,-0.00121389,0.0729,0.073272,FALSE,FALSE,FALSE,"ukb-b-7872","2","43672508",0.00134393,461113,0.37,"Mouth/teeth dental problems: Bleeding gums || id:ukb-b-7872","Mouth/teeth dental problems: Bleeding gums","Mouth/teeth dental problems: Bleeding gums ||  || ",TRUE,"igd",NA,NA,NA,NA,NA,NA,NA,43672508,0.00687417,"2",7.94511e-11,169545,"ebi-a-GCST004608","Granulocyte percentage of myeloid white cells || id:ebi-a-GCST004608",TRUE,"reported","igd",2,TRUE
"rs77182059","C","T","C","T",-0.0469811,0.000155383,0.4621,0.463192,FALSE,FALSE,FALSE,"ukb-b-7872","17","81072675",0.000766994,461113,0.84,"Mouth/teeth dental problems: Bleeding gums || id:ukb-b-7872","Mouth/teeth dental problems: Bleeding gums","Mouth/teeth dental problems: Bleeding gums ||  || ",TRUE,"igd",NA,NA,NA,NA,NA,NA,NA,81072675,0.00404474,"17",3.44429e-31,169545,"ebi-a-GCST004608","Granulocyte percentage of myeloid white cells || id:ebi-a-GCST004608",TRUE,"reported","igd",2,TRUE
"rs7753705","C","A","C","A",0.0219914,0.000797093,0.5176,0.516211,FALSE,FALSE,FALSE,"ukb-b-7872","6","109593302",0.000700546,461113,0.26,"Mouth/teeth dental problems: Bleeding gums || id:ukb-b-7872","Mouth/teeth dental problems: Bleeding gums","Mouth/teeth dental problems: Bleeding gums ||  || ",TRUE,"igd",NA,NA,NA,NA,NA,NA,NA,109593302,0.00358871,"6",8.90307e-10,169545,"ebi-a-GCST004608","Granulocyte percentage of myeloid white cells || id:ebi-a-GCST004608",TRUE,"reported","igd",2,TRUE
"rs7785014","C","T","C","T",0.0243529,-0.000898406,0.6715,0.671845,FALSE,FALSE,FALSE,"ukb-b-7872","7","137881690",0.000749376,461113,0.23,"Mouth/teeth dental problems: Bleeding gums || id:ukb-b-7872","Mouth/teeth dental problems: Bleeding gums","Mouth/teeth dental problems: Bleeding gums ||  || ",TRUE,"igd",NA,NA,NA,NA,NA,NA,NA,137881690,0.003831,"7",2.06001e-10,169545,"ebi-a-GCST004608","Granulocyte percentage of myeloid white cells || id:ebi-a-GCST004608",TRUE,"reported","igd",2,TRUE
"rs7846314","T","A","T","A",0.0575945,-0.000701666,0.1866,0.187098,FALSE,TRUE,FALSE,"ukb-b-7872","8","61650831",0.000897412,461113,0.43,"Mouth/teeth dental problems: Bleeding gums || id:ukb-b-7872","Mouth/teeth dental problems: Bleeding gums","Mouth/teeth dental problems: Bleeding gums ||  || ",TRUE,"igd",NA,NA,NA,NA,NA,NA,NA,61650831,0.00459469,"8",4.80065e-36,169545,"ebi-a-GCST004608","Granulocyte percentage of myeloid white cells || id:ebi-a-GCST004608",TRUE,"reported","igd",2,TRUE
"rs7903847","C","T","C","T",-0.0253807,-0.00184515,0.2765,0.327614,FALSE,FALSE,FALSE,"ukb-b-7872","10","99155079",0.000747163,461113,0.0140001,"Mouth/teeth dental problems: Bleeding gums || id:ukb-b-7872","Mouth/teeth dental problems: Bleeding gums","Mouth/teeth dental problems: Bleeding gums ||  || ",TRUE,"igd",TRUE,"rs7903847","rs11189196","C","T","G","A",99154982,0.00403416,"10",3.145e-10,169545,"ebi-a-GCST004608","Granulocyte percentage of myeloid white cells || id:ebi-a-GCST004608",TRUE,"reported","igd",2,TRUE
"rs79412885","A","G","A","G",-0.0494883,-0.0010057,0.077,0.073033,FALSE,FALSE,FALSE,"ukb-b-7872","1","9241839",0.00136907,461113,0.46,"Mouth/teeth dental problems: Bleeding gums || id:ukb-b-7872","Mouth/teeth dental problems: Bleeding gums","Mouth/teeth dental problems: Bleeding gums ||  || ",TRUE,"igd",NA,NA,NA,NA,NA,NA,NA,9241839,0.00689879,"1",7.31139e-13,169545,"ebi-a-GCST004608","Granulocyte percentage of myeloid white cells || id:ebi-a-GCST004608",TRUE,"reported","igd",2,TRUE
"rs7983084","C","T","C","T",-0.0242916,0.00019833,0.4308,0.433227,FALSE,FALSE,FALSE,"ukb-b-7872","13","110021563",0.000709628,461113,0.780001,"Mouth/teeth dental problems: Bleeding gums || id:ukb-b-7872","Mouth/teeth dental problems: Bleeding gums","Mouth/teeth dental problems: Bleeding gums ||  || ",TRUE,"igd",NA,NA,NA,NA,NA,NA,NA,110021563,0.00364678,"13",2.71769e-11,169545,"ebi-a-GCST004608","Granulocyte percentage of myeloid white cells || id:ebi-a-GCST004608",TRUE,"reported","igd",2,TRUE
"rs80109907","A","C","A","C",0.108482,0.00364854,0.0096,0.009217,FALSE,FALSE,FALSE,"ukb-b-7872","21","39850955",0.00368531,461113,0.32,"Mouth/teeth dental problems: Bleeding gums || id:ukb-b-7872","Mouth/teeth dental problems: Bleeding gums","Mouth/teeth dental problems: Bleeding gums ||  || ",TRUE,"igd",NA,NA,NA,NA,NA,NA,NA,39850955,0.0183153,"21",3.16002e-09,169545,"ebi-a-GCST004608","Granulocyte percentage of myeloid white cells || id:ebi-a-GCST004608",TRUE,"reported","igd",2,TRUE
"rs8020912","T","C","T","C",-0.0467643,0.00171582,0.7363,0.737156,FALSE,FALSE,FALSE,"ukb-b-7872","14","103847274",0.000796756,461113,0.0309999,"Mouth/teeth dental problems: Bleeding gums || id:ukb-b-7872","Mouth/teeth dental problems: Bleeding gums","Mouth/teeth dental problems: Bleeding gums ||  || ",TRUE,"igd",NA,NA,NA,NA,NA,NA,NA,103847274,0.00404774,"14",7.11377e-31,169545,"ebi-a-GCST004608","Granulocyte percentage of myeloid white cells || id:ebi-a-GCST004608",TRUE,"reported","igd",2,TRUE
"rs8025803","T","A","T","A",0.0723436,-0.000263941,0.2608,0.26155,FALSE,TRUE,FALSE,"ukb-b-7872","15","80265888",0.000798622,461113,0.74,"Mouth/teeth dental problems: Bleeding gums || id:ukb-b-7872","Mouth/teeth dental problems: Bleeding gums","Mouth/teeth dental problems: Bleeding gums ||  || ",TRUE,"igd",TRUE,"rs8025803","rs1987102","T","A","C","T",80260273,0.00408016,"15",2.43613e-70,169545,"ebi-a-GCST004608","Granulocyte percentage of myeloid white cells || id:ebi-a-GCST004608",TRUE,"reported","igd",2,TRUE
"rs8141880","C","A","C","A",0.0208892,0.000267216,0.3322,0.333774,FALSE,FALSE,FALSE,"ukb-b-7872","22","43555590",0.000745751,461113,0.719999,"Mouth/teeth dental problems: Bleeding gums || id:ukb-b-7872","Mouth/teeth dental problems: Bleeding gums","Mouth/teeth dental problems: Bleeding gums ||  || ",TRUE,"igd",NA,NA,NA,NA,NA,NA,NA,43555590,0.00382357,"22",4.67498e-08,169545,"ebi-a-GCST004608","Granulocyte percentage of myeloid white cells || id:ebi-a-GCST004608",TRUE,"reported","igd",2,TRUE
"rs8176759","A","G","A","G",0.0550394,0.00333883,0.0647,0.063275,FALSE,FALSE,FALSE,"ukb-b-7872","9","136129647",0.00143786,461113,0.02,"Mouth/teeth dental problems: Bleeding gums || id:ukb-b-7872","Mouth/teeth dental problems: Bleeding gums","Mouth/teeth dental problems: Bleeding gums ||  || ",TRUE,"igd",NA,NA,NA,NA,NA,NA,NA,136129647,0.00728987,"9",4.3481e-14,169545,"ebi-a-GCST004608","Granulocyte percentage of myeloid white cells || id:ebi-a-GCST004608",TRUE,"reported","igd",2,TRUE
"rs828999","A","G","A","G",0.0225114,-0.000708315,0.534,0.533011,FALSE,FALSE,FALSE,"ukb-b-7872","1","108744934",0.000703208,461113,0.31,"Mouth/teeth dental problems: Bleeding gums || id:ukb-b-7872","Mouth/teeth dental problems: Bleeding gums","Mouth/teeth dental problems: Bleeding gums ||  || ",TRUE,"igd",NA,NA,NA,NA,NA,NA,NA,108744934,0.00358553,"1",3.42098e-10,169545,"ebi-a-GCST004608","Granulocyte percentage of myeloid white cells || id:ebi-a-GCST004608",TRUE,"reported","igd",2,TRUE
"rs907612","T","C","T","C",0.0249755,2.40375e-05,0.382,0.379015,FALSE,FALSE,FALSE,"ukb-b-7872","11","1874221",0.000725787,461113,0.97,"Mouth/teeth dental problems: Bleeding gums || id:ukb-b-7872","Mouth/teeth dental problems: Bleeding gums","Mouth/teeth dental problems: Bleeding gums ||  || ",TRUE,"igd",NA,NA,NA,NA,NA,NA,NA,1874221,0.00370342,"11",1.54206e-11,169545,"ebi-a-GCST004608","Granulocyte percentage of myeloid white cells || id:ebi-a-GCST004608",TRUE,"reported","igd",2,TRUE
"rs915125","T","C","T","C",-0.0422682,0.00181676,0.2813,0.27923,FALSE,FALSE,FALSE,"ukb-b-7872","6","82463376",0.000778596,461113,0.02,"Mouth/teeth dental problems: Bleeding gums || id:ukb-b-7872","Mouth/teeth dental problems: Bleeding gums","Mouth/teeth dental problems: Bleeding gums ||  || ",TRUE,"igd",NA,NA,NA,NA,NA,NA,NA,82463376,0.00399522,"6",3.70169e-26,169545,"ebi-a-GCST004608","Granulocyte percentage of myeloid white cells || id:ebi-a-GCST004608",TRUE,"reported","igd",2,TRUE
"rs9264277","C","T","C","T",0.0308723,0.00111674,0.6324,0.633335,FALSE,FALSE,FALSE,"ukb-b-7872","6","31227901",0.000726686,461113,0.12,"Mouth/teeth dental problems: Bleeding gums || id:ukb-b-7872","Mouth/teeth dental problems: Bleeding gums","Mouth/teeth dental problems: Bleeding gums ||  || ",TRUE,"igd",TRUE,"rs9264277","rs2844632","T","C","G","A",31224667,0.00371615,"6",9.76562e-17,169545,"ebi-a-GCST004608","Granulocyte percentage of myeloid white cells || id:ebi-a-GCST004608",TRUE,"reported","igd",2,TRUE
"rs9264533","C","T","C","T",0.054339,0.000525454,0.8091,0.810116,FALSE,FALSE,FALSE,"ukb-b-7872","6","31234494",0.000890948,461113,0.56,"Mouth/teeth dental problems: Bleeding gums || id:ukb-b-7872","Mouth/teeth dental problems: Bleeding gums","Mouth/teeth dental problems: Bleeding gums ||  || ",TRUE,"igd",NA,NA,NA,NA,NA,NA,NA,31234494,0.00453472,"6",4.36918e-33,169545,"ebi-a-GCST004608","Granulocyte percentage of myeloid white cells || id:ebi-a-GCST004608",TRUE,"reported","igd",2,TRUE
"rs9532580","C","T","C","T",0.0369552,0.000631189,0.2614,0.264093,FALSE,FALSE,FALSE,"ukb-b-7872","13","41244260",0.000795686,461113,0.43,"Mouth/teeth dental problems: Bleeding gums || id:ukb-b-7872","Mouth/teeth dental problems: Bleeding gums","Mouth/teeth dental problems: Bleeding gums ||  || ",TRUE,"igd",NA,NA,NA,NA,NA,NA,NA,41244260,0.00410129,"13",2.0488e-19,169545,"ebi-a-GCST004608","Granulocyte percentage of myeloid white cells || id:ebi-a-GCST004608",TRUE,"reported","igd",2,TRUE
"rs9909465","T","C","T","C",0.0263217,-0.000339851,0.2218,0.219908,FALSE,FALSE,FALSE,"ukb-b-7872","17","32541344",0.000849535,461113,0.69,"Mouth/teeth dental problems: Bleeding gums || id:ukb-b-7872","Mouth/teeth dental problems: Bleeding gums","Mouth/teeth dental problems: Bleeding gums ||  || ",TRUE,"igd",NA,NA,NA,NA,NA,NA,NA,32541344,0.00432651,"17",1.17401e-09,169545,"ebi-a-GCST004608","Granulocyte percentage of myeloid white cells || id:ebi-a-GCST004608",TRUE,"reported","igd",2,TRUE
