"SNP","effect_allele.exposure","other_allele.exposure","effect_allele.outcome","other_allele.outcome","beta.exposure","beta.outcome","eaf.exposure","eaf.outcome","remove","palindromic","ambiguous","id.outcome","chr","pos","se.outcome","samplesize.outcome","pval.outcome","outcome","originalname.outcome","outcome.deprecated","mr_keep.outcome","data_source.outcome","proxy.outcome","target_snp.outcome","proxy_snp.outcome","target_a1.outcome","target_a2.outcome","proxy_a1.outcome","proxy_a2.outcome","chr.exposure","pos.exposure","se.exposure","pval.exposure","samplesize.exposure","id.exposure","exposure","mr_keep.exposure","pval_origin.exposure","data_source.exposure","action","mr_keep"
"rs10075801","G","A","G","A",-0.0291547,-0.0334,0.4855,0.5935,FALSE,FALSE,FALSE,"ebi-a-GCST005038","5","131677642",0.0058,360838,7.62799e-09,"Allergic disease (asthma, hay fever or eczema) || id:ebi-a-GCST005038","Allergic disease (asthma, hay fever or eczema)","Allergic disease (asthma, hay fever or eczema) ||  || ",TRUE,"igd",NA,NA,NA,NA,NA,NA,NA,"5",131677642,0.00362193,8.31381e-16,170702,"ebi-a-GCST004629","Neutrophil count || id:ebi-a-GCST004629",TRUE,"reported","igd",2,TRUE
"rs10104003","T","C","T","C",-0.0252746,-0.0011,0.2027,0.1616,FALSE,FALSE,FALSE,"ebi-a-GCST005038","8","55422440",0.0071,360838,0.8784,"Allergic disease (asthma, hay fever or eczema) || id:ebi-a-GCST005038","Allergic disease (asthma, hay fever or eczema)","Allergic disease (asthma, hay fever or eczema) ||  || ",TRUE,"igd",NA,NA,NA,NA,NA,NA,NA,"8",55422440,0.00446873,1.54999e-08,170702,"ebi-a-GCST004629","Neutrophil count || id:ebi-a-GCST004629",TRUE,"reported","igd",2,TRUE
"rs10121164","A","G","A","G",-0.0216362,-0.0093,0.677,0.2959,FALSE,FALSE,FALSE,"ebi-a-GCST005038","9","115918552",0.0062,360838,0.1323,"Allergic disease (asthma, hay fever or eczema) || id:ebi-a-GCST005038","Allergic disease (asthma, hay fever or eczema)","Allergic disease (asthma, hay fever or eczema) ||  || ",TRUE,"igd",NA,NA,NA,NA,NA,NA,NA,"9",115918552,0.00386916,2.24502e-08,170702,"ebi-a-GCST004629","Neutrophil count || id:ebi-a-GCST004629",TRUE,"reported","igd",2,TRUE
"rs10171849","C","A","C","A",0.0345153,0.0013,0.3878,0.602,FALSE,FALSE,FALSE,"ebi-a-GCST005038","2","113865834",0.0059,360838,0.8219,"Allergic disease (asthma, hay fever or eczema) || id:ebi-a-GCST005038","Allergic disease (asthma, hay fever or eczema)","Allergic disease (asthma, hay fever or eczema) ||  || ",TRUE,"igd",NA,NA,NA,NA,NA,NA,NA,"2",113865834,0.00368352,7.23936e-21,170702,"ebi-a-GCST004629","Neutrophil count || id:ebi-a-GCST004629",TRUE,"reported","igd",2,TRUE
"rs1025688","A","G","A","G",0.0233293,0.0023,0.3744,0.3673,FALSE,FALSE,FALSE,"ebi-a-GCST005038","18","48147876",0.0059,360838,0.6957,"Allergic disease (asthma, hay fever or eczema) || id:ebi-a-GCST005038","Allergic disease (asthma, hay fever or eczema)","Allergic disease (asthma, hay fever or eczema) ||  || ",TRUE,"igd",NA,NA,NA,NA,NA,NA,NA,"18",48147876,0.00373559,4.23399e-10,170702,"ebi-a-GCST004629","Neutrophil count || id:ebi-a-GCST004629",TRUE,"reported","igd",2,TRUE
"rs10752308","A","G","A","G",-0.0208597,-0.0052,0.3335,0.4031,FALSE,FALSE,FALSE,"ebi-a-GCST005038","10","13558641",0.006,360838,0.3861,"Allergic disease (asthma, hay fever or eczema) || id:ebi-a-GCST005038","Allergic disease (asthma, hay fever or eczema)","Allergic disease (asthma, hay fever or eczema) ||  || ",TRUE,"igd",NA,NA,NA,NA,NA,NA,NA,"10",13558641,0.00380256,4.11803e-08,170702,"ebi-a-GCST004629","Neutrophil count || id:ebi-a-GCST004629",TRUE,"reported","igd",2,TRUE
"rs10858740","G","A","G","A",-0.0253201,-0.0013,0.701,0.6888,FALSE,FALSE,FALSE,"ebi-a-GCST005038","12","88845035",0.0063,360838,0.8343,"Allergic disease (asthma, hay fever or eczema) || id:ebi-a-GCST005038","Allergic disease (asthma, hay fever or eczema)","Allergic disease (asthma, hay fever or eczema) ||  || ",TRUE,"igd",NA,NA,NA,NA,NA,NA,NA,"12",88845035,0.00391876,1.03801e-10,170702,"ebi-a-GCST004629","Neutrophil count || id:ebi-a-GCST004629",TRUE,"reported","igd",2,TRUE
"rs10882895","G","A","G","A",0.046974,-0.0025,0.5965,0.6156,FALSE,FALSE,FALSE,"ebi-a-GCST005038","10","99075300",0.0059,360838,0.6665,"Allergic disease (asthma, hay fever or eczema) || id:ebi-a-GCST005038","Allergic disease (asthma, hay fever or eczema)","Allergic disease (asthma, hay fever or eczema) ||  || ",TRUE,"igd",NA,NA,NA,NA,NA,NA,NA,"10",99075300,0.00364864,6.27336e-38,170702,"ebi-a-GCST004629","Neutrophil count || id:ebi-a-GCST004629",TRUE,"reported","igd",2,TRUE
"rs11145986","G","A","G","A",0.0319884,-9e-04,0.2909,0.7466,FALSE,FALSE,FALSE,"ebi-a-GCST005038","9","139319847",0.0065,360838,0.8931,"Allergic disease (asthma, hay fever or eczema) || id:ebi-a-GCST005038","Allergic disease (asthma, hay fever or eczema)","Allergic disease (asthma, hay fever or eczema) ||  || ",TRUE,"igd",NA,NA,NA,NA,NA,NA,NA,"9",139319847,0.00393543,4.35311e-16,170702,"ebi-a-GCST004629","Neutrophil count || id:ebi-a-GCST004629",TRUE,"reported","igd",2,TRUE
"rs111930700","G","C","G","C",-0.0375081,-0.0039,0.1203,0.102,FALSE,TRUE,FALSE,"ebi-a-GCST005038","12","52361653",0.0092,360838,0.6757,"Allergic disease (asthma, hay fever or eczema) || id:ebi-a-GCST005038","Allergic disease (asthma, hay fever or eczema)","Allergic disease (asthma, hay fever or eczema) ||  || ",TRUE,"igd",NA,NA,NA,NA,NA,NA,NA,"12",52361653,0.00558023,1.7968e-11,170702,"ebi-a-GCST004629","Neutrophil count || id:ebi-a-GCST004629",TRUE,"reported","igd",2,TRUE
"rs113542380","A","G","A","G",0.0459385,0.0222,0.0763,0.04252,FALSE,FALSE,FALSE,"ebi-a-GCST005038","2","43464818",0.0112,360838,0.0465104,"Allergic disease (asthma, hay fever or eczema) || id:ebi-a-GCST005038","Allergic disease (asthma, hay fever or eczema)","Allergic disease (asthma, hay fever or eczema) ||  || ",TRUE,"igd",NA,NA,NA,NA,NA,NA,NA,"2",43464818,0.00685922,2.12324e-11,170702,"ebi-a-GCST004629","Neutrophil count || id:ebi-a-GCST004629",TRUE,"reported","igd",2,TRUE
"rs114050631","T","C","T","C",-0.167412,-0.0505,0.0106,0.01361,FALSE,FALSE,FALSE,"ebi-a-GCST005038","2","219020958",0.0342,360838,0.1404,"Allergic disease (asthma, hay fever or eczema) || id:ebi-a-GCST005038","Allergic disease (asthma, hay fever or eczema)","Allergic disease (asthma, hay fever or eczema) ||  || ",TRUE,"igd",NA,NA,NA,NA,NA,NA,NA,"2",219020958,0.0194245,6.77642e-18,170702,"ebi-a-GCST004629","Neutrophil count || id:ebi-a-GCST004629",TRUE,"reported","igd",2,TRUE
"rs1144700","T","C","T","C",-0.0346259,-0.0035,0.179,0.182,FALSE,FALSE,FALSE,"ebi-a-GCST005038","6","16744687",0.0074,360838,0.639401,"Allergic disease (asthma, hay fever or eczema) || id:ebi-a-GCST005038","Allergic disease (asthma, hay fever or eczema)","Allergic disease (asthma, hay fever or eczema) ||  || ",TRUE,"igd",NA,NA,NA,NA,NA,NA,NA,"6",16744687,0.0047181,2.15278e-13,170702,"ebi-a-GCST004629","Neutrophil count || id:ebi-a-GCST004629",TRUE,"reported","igd",2,TRUE
"rs11625487","C","G","C","G",-0.0320822,0.0098,0.8143,0.7789,FALSE,TRUE,FALSE,"ebi-a-GCST005038","14","77961609",0.0074,360838,0.1815,"Allergic disease (asthma, hay fever or eczema) || id:ebi-a-GCST005038","Allergic disease (asthma, hay fever or eczema)","Allergic disease (asthma, hay fever or eczema) ||  || ",TRUE,"igd",NA,NA,NA,NA,NA,NA,NA,"14",77961609,0.00460909,3.38688e-12,170702,"ebi-a-GCST004629","Neutrophil count || id:ebi-a-GCST004629",TRUE,"reported","igd",2,TRUE
"rs11654074","C","A","C","A",0.031267,0.006,0.5229,0.5068,FALSE,FALSE,FALSE,"ebi-a-GCST005038","17","57825572",0.006,360838,0.3211,"Allergic disease (asthma, hay fever or eczema) || id:ebi-a-GCST005038","Allergic disease (asthma, hay fever or eczema)","Allergic disease (asthma, hay fever or eczema) ||  || ",TRUE,"igd",NA,NA,NA,NA,NA,NA,NA,"17",57825572,0.00366252,1.37689e-17,170702,"ebi-a-GCST004629","Neutrophil count || id:ebi-a-GCST004629",TRUE,"reported","igd",2,TRUE
"rs11668719","C","T","C","T",0.0260234,-0.0124,0.4675,0.5408,FALSE,FALSE,FALSE,"ebi-a-GCST005038","19","18515741",0.006,360838,0.0387204,"Allergic disease (asthma, hay fever or eczema) || id:ebi-a-GCST005038","Allergic disease (asthma, hay fever or eczema)","Allergic disease (asthma, hay fever or eczema) ||  || ",TRUE,"igd",NA,NA,NA,NA,NA,NA,NA,"19",18515741,0.00358305,3.78791e-13,170702,"ebi-a-GCST004629","Neutrophil count || id:ebi-a-GCST004629",TRUE,"reported","igd",2,TRUE
"rs11673093","A","G","A","G",-0.0485146,-0.0082,0.2608,0.2653,FALSE,FALSE,FALSE,"ebi-a-GCST005038","19","45742094",0.0066,360838,0.2178,"Allergic disease (asthma, hay fever or eczema) || id:ebi-a-GCST005038","Allergic disease (asthma, hay fever or eczema)","Allergic disease (asthma, hay fever or eczema) ||  || ",TRUE,"igd",NA,NA,NA,NA,NA,NA,NA,"19",45742094,0.00410711,3.37132e-32,170702,"ebi-a-GCST004629","Neutrophil count || id:ebi-a-GCST004629",TRUE,"reported","igd",2,TRUE
"rs11678685","A","G","A","G",0.0288749,0.0102,0.318,0.3044,FALSE,FALSE,FALSE,"ebi-a-GCST005038","2","169710607",0.0062,360838,0.0975394,"Allergic disease (asthma, hay fever or eczema) || id:ebi-a-GCST005038","Allergic disease (asthma, hay fever or eczema)","Allergic disease (asthma, hay fever or eczema) ||  || ",TRUE,"igd",NA,NA,NA,NA,NA,NA,NA,"2",169710607,0.00384865,6.25749e-14,170702,"ebi-a-GCST004629","Neutrophil count || id:ebi-a-GCST004629",TRUE,"reported","igd",2,TRUE
"rs11725704","G","A","G","A",0.0727863,0.0095,0.3763,0.6463,FALSE,FALSE,FALSE,"ebi-a-GCST005038","4","74959996",0.0059,360838,0.1073,"Allergic disease (asthma, hay fever or eczema) || id:ebi-a-GCST005038","Allergic disease (asthma, hay fever or eczema)","Allergic disease (asthma, hay fever or eczema) ||  || ",TRUE,"igd",NA,NA,NA,NA,NA,NA,NA,"4",74959996,0.00369598,2.4581e-86,170702,"ebi-a-GCST004629","Neutrophil count || id:ebi-a-GCST004629",TRUE,"reported","igd",2,TRUE
"rs11734460","T","C","T","C",0.0260949,0.015,0.3121,0.318,FALSE,FALSE,FALSE,"ebi-a-GCST005038","4","705074",0.0064,360838,0.0193999,"Allergic disease (asthma, hay fever or eczema) || id:ebi-a-GCST005038","Allergic disease (asthma, hay fever or eczema)","Allergic disease (asthma, hay fever or eczema) ||  || ",TRUE,"igd",NA,NA,NA,NA,NA,NA,NA,"4",705074,0.00386654,1.49005e-11,170702,"ebi-a-GCST004629","Neutrophil count || id:ebi-a-GCST004629",TRUE,"reported","igd",2,TRUE
"rs11741826","C","G","C","G",-0.028703,0.0052,0.4441,0.4354,FALSE,TRUE,TRUE,"ebi-a-GCST005038","5","68590400",0.0058,360838,0.3668,"Allergic disease (asthma, hay fever or eczema) || id:ebi-a-GCST005038","Allergic disease (asthma, hay fever or eczema)","Allergic disease (asthma, hay fever or eczema) ||  || ",TRUE,"igd",NA,NA,NA,NA,NA,NA,NA,"5",68590400,0.00361864,2.15675e-15,170702,"ebi-a-GCST004629","Neutrophil count || id:ebi-a-GCST004629",TRUE,"reported","igd",2,FALSE
"rs11920354","A","C","A","C",-0.0209837,0.0099,0.3861,0.3656,FALSE,FALSE,FALSE,"ebi-a-GCST005038","3","47262246",0.0059,360838,0.0909997,"Allergic disease (asthma, hay fever or eczema) || id:ebi-a-GCST005038","Allergic disease (asthma, hay fever or eczema)","Allergic disease (asthma, hay fever or eczema) ||  || ",TRUE,"igd",NA,NA,NA,NA,NA,NA,NA,"3",47262246,0.00366517,1.033e-08,170702,"ebi-a-GCST004629","Neutrophil count || id:ebi-a-GCST004629",TRUE,"reported","igd",2,TRUE
"rs11931598","T","C","T","C",-0.0224111,0.0059,0.4444,0.4405,FALSE,FALSE,FALSE,"ebi-a-GCST005038","4","7047102",0.0059,360838,0.3237,"Allergic disease (asthma, hay fever or eczema) || id:ebi-a-GCST005038","Allergic disease (asthma, hay fever or eczema)","Allergic disease (asthma, hay fever or eczema) ||  || ",TRUE,"igd",NA,NA,NA,NA,NA,NA,NA,"4",7047102,0.00363858,7.30702e-10,170702,"ebi-a-GCST004629","Neutrophil count || id:ebi-a-GCST004629",TRUE,"reported","igd",2,TRUE
"rs12239046","C","T","C","T",0.0332356,-0.0052,0.6281,0.6616,FALSE,FALSE,FALSE,"ebi-a-GCST005038","1","247601595",0.0059,360838,0.3764,"Allergic disease (asthma, hay fever or eczema) || id:ebi-a-GCST005038","Allergic disease (asthma, hay fever or eczema)","Allergic disease (asthma, hay fever or eczema) ||  || ",TRUE,"igd",NA,NA,NA,NA,NA,NA,NA,"1",247601595,0.00370134,2.72396e-19,170702,"ebi-a-GCST004629","Neutrophil count || id:ebi-a-GCST004629",TRUE,"reported","igd",2,TRUE
"rs12266014","T","C","T","C",-0.0440701,3e-04,0.3687,0.3486,FALSE,FALSE,FALSE,"ebi-a-GCST005038","10","25211291",0.0059,360838,0.9579,"Allergic disease (asthma, hay fever or eczema) || id:ebi-a-GCST005038","Allergic disease (asthma, hay fever or eczema)","Allergic disease (asthma, hay fever or eczema) ||  || ",TRUE,"igd",NA,NA,NA,NA,NA,NA,NA,"10",25211291,0.00371827,2.09315e-32,170702,"ebi-a-GCST004629","Neutrophil count || id:ebi-a-GCST004629",TRUE,"reported","igd",2,TRUE
"rs12440045","C","A","C","A",-0.0245557,0.0403,0.5281,0.5476,FALSE,FALSE,FALSE,"ebi-a-GCST005038","15","41782684",0.0059,360838,7.68245e-12,"Allergic disease (asthma, hay fever or eczema) || id:ebi-a-GCST005038","Allergic disease (asthma, hay fever or eczema)","Allergic disease (asthma, hay fever or eczema) ||  || ",TRUE,"igd",NA,NA,NA,NA,NA,NA,NA,"15",41782684,0.00364152,1.54917e-11,170702,"ebi-a-GCST004629","Neutrophil count || id:ebi-a-GCST004629",TRUE,"reported","igd",2,TRUE
"rs1250568","C","T","C","T",-0.0200545,-0.0076,0.4344,0.631,FALSE,FALSE,FALSE,"ebi-a-GCST005038","10","81045280",0.0061,360838,0.2121,"Allergic disease (asthma, hay fever or eczema) || id:ebi-a-GCST005038","Allergic disease (asthma, hay fever or eczema)","Allergic disease (asthma, hay fever or eczema) ||  || ",TRUE,"igd",NA,NA,NA,NA,NA,NA,NA,"10",81045280,0.00364131,3.63999e-08,170702,"ebi-a-GCST004629","Neutrophil count || id:ebi-a-GCST004629",TRUE,"reported","igd",2,TRUE
"rs12550612","A","G","A","G",-0.0302752,0.0091,0.8226,0.2058,FALSE,FALSE,FALSE,"ebi-a-GCST005038","8","22966769",0.0076,360838,0.231,"Allergic disease (asthma, hay fever or eczema) || id:ebi-a-GCST005038","Allergic disease (asthma, hay fever or eczema)","Allergic disease (asthma, hay fever or eczema) ||  || ",TRUE,"igd",NA,NA,NA,NA,NA,NA,NA,"8",22966769,0.00470824,1.274e-10,170702,"ebi-a-GCST004629","Neutrophil count || id:ebi-a-GCST004629",TRUE,"reported","igd",2,TRUE
"rs12593998","C","A","C","A",-0.0247261,-0.009,0.3076,0.6871,FALSE,FALSE,FALSE,"ebi-a-GCST005038","15","51058629",0.0063,360838,0.1546,"Allergic disease (asthma, hay fever or eczema) || id:ebi-a-GCST005038","Allergic disease (asthma, hay fever or eczema)","Allergic disease (asthma, hay fever or eczema) ||  || ",TRUE,"igd",NA,NA,NA,NA,NA,NA,NA,"15",51058629,0.00392824,3.08496e-10,170702,"ebi-a-GCST004629","Neutrophil count || id:ebi-a-GCST004629",TRUE,"reported","igd",2,TRUE
"rs12600856","C","T","C","T",0.120856,0.0388,0.3903,0.6361,FALSE,FALSE,FALSE,"ebi-a-GCST005038","17","38163295",0.0058,360838,3.04719e-11,"Allergic disease (asthma, hay fever or eczema) || id:ebi-a-GCST005038","Allergic disease (asthma, hay fever or eczema)","Allergic disease (asthma, hay fever or eczema) ||  || ",TRUE,"igd",NA,NA,NA,NA,NA,NA,NA,"17",38163295,0.00365688,1e-200,170702,"ebi-a-GCST004629","Neutrophil count || id:ebi-a-GCST004629",TRUE,"reported","igd",2,TRUE
"rs1260326","C","T","C","T",-0.0330806,0.0014,0.6053,0.6037,FALSE,FALSE,FALSE,"ebi-a-GCST005038","2","27730940",0.0058,360838,0.8151,"Allergic disease (asthma, hay fever or eczema) || id:ebi-a-GCST005038","Allergic disease (asthma, hay fever or eczema)","Allergic disease (asthma, hay fever or eczema) ||  || ",TRUE,"igd",NA,NA,NA,NA,NA,NA,NA,"2",27730940,0.00364596,1.15505e-19,170702,"ebi-a-GCST004629","Neutrophil count || id:ebi-a-GCST004629",TRUE,"reported","igd",2,TRUE
"rs12656648","A","C","A","C",-0.024498,0.0051,0.422,0.3997,FALSE,FALSE,FALSE,"ebi-a-GCST005038","5","179152106",0.0058,360838,0.3815,"Allergic disease (asthma, hay fever or eczema) || id:ebi-a-GCST005038","Allergic disease (asthma, hay fever or eczema)","Allergic disease (asthma, hay fever or eczema) ||  || ",TRUE,"igd",NA,NA,NA,NA,NA,NA,NA,"5",179152106,0.00362664,1.42791e-11,170702,"ebi-a-GCST004629","Neutrophil count || id:ebi-a-GCST004629",TRUE,"reported","igd",2,TRUE
"rs12716647","C","G","C","G",0.0209029,-0.0021,0.634,0.631,FALSE,TRUE,FALSE,"ebi-a-GCST005038","8","6901304",0.006,360838,0.7257,"Allergic disease (asthma, hay fever or eczema) || id:ebi-a-GCST005038","Allergic disease (asthma, hay fever or eczema)","Allergic disease (asthma, hay fever or eczema) ||  || ",TRUE,"igd",NA,NA,NA,NA,NA,NA,NA,"8",6901304,0.0037539,2.57199e-08,170702,"ebi-a-GCST004629","Neutrophil count || id:ebi-a-GCST004629",TRUE,"reported","igd",2,TRUE
"rs12752838","G","A","G","A",0.0236179,-0.0198,0.5035,0.5204,FALSE,FALSE,FALSE,"ebi-a-GCST005038","1","8913656",0.0058,360838,0.000562898,"Allergic disease (asthma, hay fever or eczema) || id:ebi-a-GCST005038","Allergic disease (asthma, hay fever or eczema)","Allergic disease (asthma, hay fever or eczema) ||  || ",TRUE,"igd",NA,NA,NA,NA,NA,NA,NA,"1",8913656,0.00357997,4.1889e-11,170702,"ebi-a-GCST004629","Neutrophil count || id:ebi-a-GCST004629",TRUE,"reported","igd",2,TRUE
"rs12936529","T","C","T","C",-0.0378296,0.0091,0.4786,0.4983,FALSE,FALSE,FALSE,"ebi-a-GCST005038","17","16168784",0.0057,360838,0.1119,"Allergic disease (asthma, hay fever or eczema) || id:ebi-a-GCST005038","Allergic disease (asthma, hay fever or eczema)","Allergic disease (asthma, hay fever or eczema) ||  || ",TRUE,"igd",NA,NA,NA,NA,NA,NA,NA,"17",16168784,0.0035901,5.81969e-26,170702,"ebi-a-GCST004629","Neutrophil count || id:ebi-a-GCST004629",TRUE,"reported","igd",2,TRUE
"rs13249310","C","T","C","T",-0.0289681,-0.0083,0.3601,0.6514,FALSE,FALSE,FALSE,"ebi-a-GCST005038","8","142338776",0.0062,360838,0.1763,"Allergic disease (asthma, hay fever or eczema) || id:ebi-a-GCST005038","Allergic disease (asthma, hay fever or eczema)","Allergic disease (asthma, hay fever or eczema) ||  || ",TRUE,"igd",NA,NA,NA,NA,NA,NA,NA,"8",142338776,0.00373897,9.36268e-15,170702,"ebi-a-GCST004629","Neutrophil count || id:ebi-a-GCST004629",TRUE,"reported","igd",2,TRUE
"rs1334577","A","G","A","G",-0.0248522,2e-04,0.2372,0.2007,FALSE,FALSE,FALSE,"ebi-a-GCST005038","6","7211751",0.0067,360838,0.9771,"Allergic disease (asthma, hay fever or eczema) || id:ebi-a-GCST005038","Allergic disease (asthma, hay fever or eczema)","Allergic disease (asthma, hay fever or eczema) ||  || ",TRUE,"igd",NA,NA,NA,NA,NA,NA,NA,"6",7211751,0.00419771,3.211e-09,170702,"ebi-a-GCST004629","Neutrophil count || id:ebi-a-GCST004629",TRUE,"reported","igd",2,TRUE
"rs1352846","G","A","G","A",-0.0250978,-0.0087,0.2919,0.7568,FALSE,FALSE,FALSE,"ebi-a-GCST005038","4","72617775",0.0063,360838,0.1668,"Allergic disease (asthma, hay fever or eczema) || id:ebi-a-GCST005038","Allergic disease (asthma, hay fever or eczema)","Allergic disease (asthma, hay fever or eczema) ||  || ",TRUE,"igd",NA,NA,NA,NA,NA,NA,NA,"4",72617775,0.00393582,1.80901e-10,170702,"ebi-a-GCST004629","Neutrophil count || id:ebi-a-GCST004629",TRUE,"reported","igd",2,TRUE
"rs14408","C","T","C","T",0.0522324,0.017,0.3668,0.6344,FALSE,FALSE,FALSE,"ebi-a-GCST005038","11","308314",0.0067,360838,0.01119,"Allergic disease (asthma, hay fever or eczema) || id:ebi-a-GCST005038","Allergic disease (asthma, hay fever or eczema)","Allergic disease (asthma, hay fever or eczema) ||  || ",TRUE,"igd",NA,NA,NA,NA,NA,NA,NA,"11",308314,0.00375605,5.80898e-44,170702,"ebi-a-GCST004629","Neutrophil count || id:ebi-a-GCST004629",TRUE,"reported","igd",2,TRUE
"rs146091102","A","G","A","G",-0.0573406,-0.0102,0.0344,0.02721,FALSE,FALSE,FALSE,"ebi-a-GCST005038","1","27121930",0.0161,360838,0.5252,"Allergic disease (asthma, hay fever or eczema) || id:ebi-a-GCST005038","Allergic disease (asthma, hay fever or eczema)","Allergic disease (asthma, hay fever or eczema) ||  || ",TRUE,"igd",NA,NA,NA,NA,NA,NA,NA,"1",27121930,0.0099309,7.74301e-09,170702,"ebi-a-GCST004629","Neutrophil count || id:ebi-a-GCST004629",TRUE,"reported","igd",2,TRUE
"rs1567558","G","A","G","A",-0.0249846,-0.0115,0.5985,0.6037,FALSE,FALSE,FALSE,"ebi-a-GCST005038","3","141008123",0.0061,360838,0.0576395,"Allergic disease (asthma, hay fever or eczema) || id:ebi-a-GCST005038","Allergic disease (asthma, hay fever or eczema)","Allergic disease (asthma, hay fever or eczema) ||  || ",TRUE,"igd",NA,NA,NA,NA,NA,NA,NA,"3",141008123,0.00378538,4.10393e-11,170702,"ebi-a-GCST004629","Neutrophil count || id:ebi-a-GCST004629",TRUE,"reported","igd",2,TRUE
"rs1570884","G","A","G","A",0.023902,4e-04,0.7105,0.6633,FALSE,FALSE,FALSE,"ebi-a-GCST005038","13","50121511",0.0063,360838,0.9477,"Allergic disease (asthma, hay fever or eczema) || id:ebi-a-GCST005038","Allergic disease (asthma, hay fever or eczema)","Allergic disease (asthma, hay fever or eczema) ||  || ",TRUE,"igd",NA,NA,NA,NA,NA,NA,NA,"13",50121511,0.00394989,1.43701e-09,170702,"ebi-a-GCST004629","Neutrophil count || id:ebi-a-GCST004629",TRUE,"reported","igd",2,TRUE
"rs16850073","T","C","T","C",0.0533551,-0.0078,0.3749,0.3418,FALSE,FALSE,FALSE,"ebi-a-GCST005038","4","74703999",0.006,360838,0.1967,"Allergic disease (asthma, hay fever or eczema) || id:ebi-a-GCST005038","Allergic disease (asthma, hay fever or eczema)","Allergic disease (asthma, hay fever or eczema) ||  || ",TRUE,"igd",NA,NA,NA,NA,NA,NA,NA,"4",74703999,0.00371506,8.98049e-47,170702,"ebi-a-GCST004629","Neutrophil count || id:ebi-a-GCST004629",TRUE,"reported","igd",2,TRUE
"rs16895831","T","C","T","C",0.0287994,-0.0095,0.2033,0.2177,FALSE,FALSE,FALSE,"ebi-a-GCST005038","6","42515791",0.0071,360838,0.1823,"Allergic disease (asthma, hay fever or eczema) || id:ebi-a-GCST005038","Allergic disease (asthma, hay fever or eczema)","Allergic disease (asthma, hay fever or eczema) ||  || ",TRUE,"igd",NA,NA,NA,NA,NA,NA,NA,"6",42515791,0.00448887,1.40101e-10,170702,"ebi-a-GCST004629","Neutrophil count || id:ebi-a-GCST004629",TRUE,"reported","igd",2,TRUE
"rs16978075","C","T","C","T",0.0372829,-0.003,0.11,0.8724,FALSE,FALSE,FALSE,"ebi-a-GCST005038","18","42113151",0.0092,360838,0.746799,"Allergic disease (asthma, hay fever or eczema) || id:ebi-a-GCST005038","Allergic disease (asthma, hay fever or eczema)","Allergic disease (asthma, hay fever or eczema) ||  || ",TRUE,"igd",NA,NA,NA,NA,NA,NA,NA,"18",42113151,0.00576821,1.02301e-10,170702,"ebi-a-GCST004629","Neutrophil count || id:ebi-a-GCST004629",TRUE,"reported","igd",2,TRUE
"rs1715460","G","C","G","C",0.0240297,6e-04,0.7443,0.7058,FALSE,TRUE,FALSE,"ebi-a-GCST005038","11","118122052",0.0066,360838,0.9229,"Allergic disease (asthma, hay fever or eczema) || id:ebi-a-GCST005038","Allergic disease (asthma, hay fever or eczema)","Allergic disease (asthma, hay fever or eczema) ||  || ",TRUE,"igd",NA,NA,NA,NA,NA,NA,NA,"11",118122052,0.00420937,1.13899e-08,170702,"ebi-a-GCST004629","Neutrophil count || id:ebi-a-GCST004629",TRUE,"reported","igd",2,TRUE
"rs17421624","C","T","C","T",0.0382119,0.0131,0.2874,0.6701,FALSE,FALSE,FALSE,"ebi-a-GCST005038","6","32066177",0.0063,360838,0.0360197,"Allergic disease (asthma, hay fever or eczema) || id:ebi-a-GCST005038","Allergic disease (asthma, hay fever or eczema)","Allergic disease (asthma, hay fever or eczema) ||  || ",TRUE,"igd",NA,NA,NA,NA,NA,NA,NA,"6",32066177,0.00394778,3.69233e-22,170702,"ebi-a-GCST004629","Neutrophil count || id:ebi-a-GCST004629",TRUE,"reported","igd",2,TRUE
"rs1800961","T","C","T","C",-0.070936,0.0223,0.0314,0.03401,FALSE,FALSE,FALSE,"ebi-a-GCST005038","20","43042364",0.0163,360838,0.1724,"Allergic disease (asthma, hay fever or eczema) || id:ebi-a-GCST005038","Allergic disease (asthma, hay fever or eczema)","Allergic disease (asthma, hay fever or eczema) ||  || ",TRUE,"igd",NA,NA,NA,NA,NA,NA,NA,"20",43042364,0.0103031,5.77963e-12,170702,"ebi-a-GCST004629","Neutrophil count || id:ebi-a-GCST004629",TRUE,"reported","igd",2,TRUE
"rs1807337","C","G","C","G",0.0201549,3e-04,0.4068,0.4065,FALSE,TRUE,FALSE,"ebi-a-GCST005038","2","65663167",0.0058,360838,0.964,"Allergic disease (asthma, hay fever or eczema) || id:ebi-a-GCST005038","Allergic disease (asthma, hay fever or eczema)","Allergic disease (asthma, hay fever or eczema) ||  || ",TRUE,"igd",NA,NA,NA,NA,NA,NA,NA,"2",65663167,0.0036559,3.52801e-08,170702,"ebi-a-GCST004629","Neutrophil count || id:ebi-a-GCST004629",TRUE,"reported","igd",2,TRUE
"rs1834550","C","T","C","T",-0.0203441,0.0012,0.4007,0.6156,FALSE,FALSE,FALSE,"ebi-a-GCST005038","11","59959843",0.0058,360838,0.8401,"Allergic disease (asthma, hay fever or eczema) || id:ebi-a-GCST005038","Allergic disease (asthma, hay fever or eczema)","Allergic disease (asthma, hay fever or eczema) ||  || ",TRUE,"igd",NA,NA,NA,NA,NA,NA,NA,"11",59959843,0.00361039,1.75198e-08,170702,"ebi-a-GCST004629","Neutrophil count || id:ebi-a-GCST004629",TRUE,"reported","igd",2,TRUE
"rs1982094","T","C","T","C",-0.0712416,0.0046,0.0424,0.04082,FALSE,FALSE,FALSE,"ebi-a-GCST005038","8","130624816",0.0146,360838,0.7558,"Allergic disease (asthma, hay fever or eczema) || id:ebi-a-GCST005038","Allergic disease (asthma, hay fever or eczema)","Allergic disease (asthma, hay fever or eczema) ||  || ",TRUE,"igd",NA,NA,NA,NA,NA,NA,NA,"8",130624816,0.00904803,3.44271e-15,170702,"ebi-a-GCST004629","Neutrophil count || id:ebi-a-GCST004629",TRUE,"reported","igd",2,TRUE
"rs1991651","G","C","G","C",0.0267595,0.0017,0.6178,0.602,FALSE,TRUE,FALSE,"ebi-a-GCST005038","8","10706411",0.0059,360838,0.7734,"Allergic disease (asthma, hay fever or eczema) || id:ebi-a-GCST005038","Allergic disease (asthma, hay fever or eczema)","Allergic disease (asthma, hay fever or eczema) ||  || ",TRUE,"igd",NA,NA,NA,NA,NA,NA,NA,"8",10706411,0.00369292,4.28746e-13,170702,"ebi-a-GCST004629","Neutrophil count || id:ebi-a-GCST004629",TRUE,"reported","igd",2,TRUE
"rs201194591","T","C","T","C",0.0252407,0.0136,0.3715,0.6259,FALSE,FALSE,FALSE,"ebi-a-GCST005038","2","160533044",0.0059,360838,0.02024,"Allergic disease (asthma, hay fever or eczema) || id:ebi-a-GCST005038","Allergic disease (asthma, hay fever or eczema)","Allergic disease (asthma, hay fever or eczema) ||  || ",TRUE,"igd",TRUE,"rs201194591","rs7595639","T","C","G","A","2",160521154,0.00372483,1.2331e-11,170702,"ebi-a-GCST004629","Neutrophil count || id:ebi-a-GCST004629",TRUE,"reported","igd",2,TRUE
"rs2038700","C","T","C","T",0.0353863,0.0094,0.3934,0.6224,FALSE,FALSE,FALSE,"ebi-a-GCST005038","14","25461989",0.0059,360838,0.1074,"Allergic disease (asthma, hay fever or eczema) || id:ebi-a-GCST005038","Allergic disease (asthma, hay fever or eczema)","Allergic disease (asthma, hay fever or eczema) ||  || ",TRUE,"igd",NA,NA,NA,NA,NA,NA,NA,"14",25461989,0.00367608,6.2044e-22,170702,"ebi-a-GCST004629","Neutrophil count || id:ebi-a-GCST004629",TRUE,"reported","igd",2,TRUE
"rs2082382","A","G","A","G",-0.0361828,-0.0021,0.5467,0.3793,FALSE,FALSE,FALSE,"ebi-a-GCST005038","5","148200553",0.0058,360838,0.724101,"Allergic disease (asthma, hay fever or eczema) || id:ebi-a-GCST005038","Allergic disease (asthma, hay fever or eczema)","Allergic disease (asthma, hay fever or eczema) ||  || ",TRUE,"igd",NA,NA,NA,NA,NA,NA,NA,"5",148200553,0.00363451,2.39001e-23,170702,"ebi-a-GCST004629","Neutrophil count || id:ebi-a-GCST004629",TRUE,"reported","igd",2,TRUE
"rs2157770","G","A","G","A",0.0222366,-0.0117,0.2849,0.665,FALSE,FALSE,FALSE,"ebi-a-GCST005038","9","136921464",0.0066,360838,0.07758,"Allergic disease (asthma, hay fever or eczema) || id:ebi-a-GCST005038","Allergic disease (asthma, hay fever or eczema)","Allergic disease (asthma, hay fever or eczema) ||  || ",TRUE,"igd",NA,NA,NA,NA,NA,NA,NA,"9",136921464,0.00397153,2.15601e-08,170702,"ebi-a-GCST004629","Neutrophil count || id:ebi-a-GCST004629",TRUE,"reported","igd",2,TRUE
"rs2158799","G","C","G","C",0.0561995,-0.0025,0.6083,0.6327,FALSE,TRUE,FALSE,"ebi-a-GCST005038","7","28277107",0.006,360838,0.68,"Allergic disease (asthma, hay fever or eczema) || id:ebi-a-GCST005038","Allergic disease (asthma, hay fever or eczema)","Allergic disease (asthma, hay fever or eczema) ||  || ",TRUE,"igd",NA,NA,NA,NA,NA,NA,NA,"7",28277107,0.00370507,5.7372e-52,170702,"ebi-a-GCST004629","Neutrophil count || id:ebi-a-GCST004629",TRUE,"reported","igd",2,TRUE
"rs218265","C","T","C","T",0.0415533,0.0086,0.1571,0.8333,FALSE,FALSE,FALSE,"ebi-a-GCST005038","4","55408999",0.0081,360838,0.2884,"Allergic disease (asthma, hay fever or eczema) || id:ebi-a-GCST005038","Allergic disease (asthma, hay fever or eczema)","Allergic disease (asthma, hay fever or eczema) ||  || ",TRUE,"igd",NA,NA,NA,NA,NA,NA,NA,"4",55408999,0.00498499,7.70549e-17,170702,"ebi-a-GCST004629","Neutrophil count || id:ebi-a-GCST004629",TRUE,"reported","igd",2,TRUE
"rs2208568","C","T","C","T",-0.0652968,0.0062,0.8919,0.8844,FALSE,FALSE,FALSE,"ebi-a-GCST005038","1","236090155",0.0094,360838,0.5066,"Allergic disease (asthma, hay fever or eczema) || id:ebi-a-GCST005038","Allergic disease (asthma, hay fever or eczema)","Allergic disease (asthma, hay fever or eczema) ||  || ",TRUE,"igd",NA,NA,NA,NA,NA,NA,NA,"1",236090155,0.00581445,2.90202e-29,170702,"ebi-a-GCST004629","Neutrophil count || id:ebi-a-GCST004629",TRUE,"reported","igd",2,TRUE
"rs2246941","A","C","A","C",0.0218553,0.0042,0.3434,0.3844,FALSE,FALSE,FALSE,"ebi-a-GCST005038","10","91004916",0.006,360838,0.4847,"Allergic disease (asthma, hay fever or eczema) || id:ebi-a-GCST005038","Allergic disease (asthma, hay fever or eczema)","Allergic disease (asthma, hay fever or eczema) ||  || ",TRUE,"igd",NA,NA,NA,NA,NA,NA,NA,"10",91004916,0.00377316,6.94305e-09,170702,"ebi-a-GCST004629","Neutrophil count || id:ebi-a-GCST004629",TRUE,"reported","igd",2,TRUE
"rs2251188","G","A","G","A",0.0212579,1e-04,0.5764,0.5714,FALSE,FALSE,FALSE,"ebi-a-GCST005038","7","6704332",0.0059,360838,0.9879,"Allergic disease (asthma, hay fever or eczema) || id:ebi-a-GCST005038","Allergic disease (asthma, hay fever or eczema)","Allergic disease (asthma, hay fever or eczema) ||  || ",TRUE,"igd",NA,NA,NA,NA,NA,NA,NA,"7",6704332,0.00364164,5.30005e-09,170702,"ebi-a-GCST004629","Neutrophil count || id:ebi-a-GCST004629",TRUE,"reported","igd",2,TRUE
"rs2338224","G","A","G","A",-0.0417581,0.0156,0.8787,0.8724,FALSE,FALSE,FALSE,"ebi-a-GCST005038","5","71728688",0.0087,360838,0.0723502,"Allergic disease (asthma, hay fever or eczema) || id:ebi-a-GCST005038","Allergic disease (asthma, hay fever or eczema)","Allergic disease (asthma, hay fever or eczema) ||  || ",TRUE,"igd",NA,NA,NA,NA,NA,NA,NA,"5",71728688,0.00548783,2.75804e-14,170702,"ebi-a-GCST004629","Neutrophil count || id:ebi-a-GCST004629",TRUE,"reported","igd",2,TRUE
"rs2373437","C","T","C","T",-0.0235617,0.0043,0.6411,0.6224,FALSE,FALSE,FALSE,"ebi-a-GCST005038","7","148779032",0.006,360838,0.4696,"Allergic disease (asthma, hay fever or eczema) || id:ebi-a-GCST005038","Allergic disease (asthma, hay fever or eczema)","Allergic disease (asthma, hay fever or eczema) ||  || ",TRUE,"igd",NA,NA,NA,NA,NA,NA,NA,"7",148779032,0.00372841,2.62398e-10,170702,"ebi-a-GCST004629","Neutrophil count || id:ebi-a-GCST004629",TRUE,"reported","igd",2,TRUE
"rs238914","A","C","A","C",0.0262439,0.0015,0.3967,0.3741,FALSE,FALSE,FALSE,"ebi-a-GCST005038","11","113984109",0.0059,360838,0.802,"Allergic disease (asthma, hay fever or eczema) || id:ebi-a-GCST005038","Allergic disease (asthma, hay fever or eczema)","Allergic disease (asthma, hay fever or eczema) ||  || ",TRUE,"igd",NA,NA,NA,NA,NA,NA,NA,"11",113984109,0.00367491,9.2406e-13,170702,"ebi-a-GCST004629","Neutrophil count || id:ebi-a-GCST004629",TRUE,"reported","igd",2,TRUE
"rs2436845","A","G","A","G",-0.0214094,0.0027,0.4343,0.4303,FALSE,FALSE,FALSE,"ebi-a-GCST005038","8","103852407",0.0058,360838,0.634501,"Allergic disease (asthma, hay fever or eczema) || id:ebi-a-GCST005038","Allergic disease (asthma, hay fever or eczema)","Allergic disease (asthma, hay fever or eczema) ||  || ",TRUE,"igd",NA,NA,NA,NA,NA,NA,NA,"8",103852407,0.00362913,3.64998e-09,170702,"ebi-a-GCST004629","Neutrophil count || id:ebi-a-GCST004629",TRUE,"reported","igd",2,TRUE
"rs2451279","G","A","G","A",-0.0263622,-0.0205,0.6179,0.648,FALSE,FALSE,FALSE,"ebi-a-GCST005038","6","159515077",0.006,360838,0.000625605,"Allergic disease (asthma, hay fever or eczema) || id:ebi-a-GCST005038","Allergic disease (asthma, hay fever or eczema)","Allergic disease (asthma, hay fever or eczema) ||  || ",TRUE,"igd",NA,NA,NA,NA,NA,NA,NA,"6",159515077,0.00375255,2.13796e-12,170702,"ebi-a-GCST004629","Neutrophil count || id:ebi-a-GCST004629",TRUE,"reported","igd",2,TRUE
"rs247831","G","C","G","C",0.0280531,0.0039,0.252,0.2619,FALSE,TRUE,FALSE,"ebi-a-GCST005038","16","84581893",0.0067,360838,0.567,"Allergic disease (asthma, hay fever or eczema) || id:ebi-a-GCST005038","Allergic disease (asthma, hay fever or eczema)","Allergic disease (asthma, hay fever or eczema) ||  || ",TRUE,"igd",NA,NA,NA,NA,NA,NA,NA,"16",84581893,0.00416182,1.57688e-11,170702,"ebi-a-GCST004629","Neutrophil count || id:ebi-a-GCST004629",TRUE,"reported","igd",2,TRUE
"rs249677","A","C","A","C",0.0271265,0.0366,0.632,0.3605,FALSE,FALSE,FALSE,"ebi-a-GCST005038","5","141539339",0.0059,360838,7.53807e-10,"Allergic disease (asthma, hay fever or eczema) || id:ebi-a-GCST005038","Allergic disease (asthma, hay fever or eczema)","Allergic disease (asthma, hay fever or eczema) ||  || ",TRUE,"igd",NA,NA,NA,NA,NA,NA,NA,"5",141539339,0.00373054,3.55631e-13,170702,"ebi-a-GCST004629","Neutrophil count || id:ebi-a-GCST004629",TRUE,"reported","igd",2,TRUE
"rs2504235","G","A","G","A",0.0251143,0.0109,0.636,0.5748,FALSE,FALSE,FALSE,"ebi-a-GCST005038","13","28612886",0.0059,360838,0.06699,"Allergic disease (asthma, hay fever or eczema) || id:ebi-a-GCST005038","Allergic disease (asthma, hay fever or eczema)","Allergic disease (asthma, hay fever or eczema) ||  || ",TRUE,"igd",NA,NA,NA,NA,NA,NA,NA,"13",28612886,0.00373226,1.70805e-11,170702,"ebi-a-GCST004629","Neutrophil count || id:ebi-a-GCST004629",TRUE,"reported","igd",2,TRUE
"rs2524079","A","G","A","G",0.0630379,-0.0028,0.4168,0.466,FALSE,FALSE,FALSE,"ebi-a-GCST005038","6","31242174",0.0069,360838,0.6871,"Allergic disease (asthma, hay fever or eczema) || id:ebi-a-GCST005038","Allergic disease (asthma, hay fever or eczema)","Allergic disease (asthma, hay fever or eczema) ||  || ",TRUE,"igd",NA,NA,NA,NA,NA,NA,NA,"6",31242174,0.00362887,1.36301e-67,170702,"ebi-a-GCST004629","Neutrophil count || id:ebi-a-GCST004629",TRUE,"reported","igd",2,TRUE
"rs2700938","C","T","C","T",0.0204484,-0.0051,0.3767,0.6259,FALSE,FALSE,FALSE,"ebi-a-GCST005038","7","36085142",0.0059,360838,0.3862,"Allergic disease (asthma, hay fever or eczema) || id:ebi-a-GCST005038","Allergic disease (asthma, hay fever or eczema)","Allergic disease (asthma, hay fever or eczema) ||  || ",TRUE,"igd",NA,NA,NA,NA,NA,NA,NA,"7",36085142,0.00369398,3.10099e-08,170702,"ebi-a-GCST004629","Neutrophil count || id:ebi-a-GCST004629",TRUE,"reported","igd",2,TRUE
"rs2954027","A","T","A","T",0.0220236,-0.0096,0.4664,0.4813,FALSE,TRUE,TRUE,"ebi-a-GCST005038","8","126485294",0.0057,360838,0.0938296,"Allergic disease (asthma, hay fever or eczema) || id:ebi-a-GCST005038","Allergic disease (asthma, hay fever or eczema)","Allergic disease (asthma, hay fever or eczema) ||  || ",TRUE,"igd",NA,NA,NA,NA,NA,NA,NA,"8",126485294,0.00359391,8.89693e-10,170702,"ebi-a-GCST004629","Neutrophil count || id:ebi-a-GCST004629",TRUE,"reported","igd",2,FALSE
"rs2979488","G","A","G","A",0.0283681,-0.0046,0.7423,0.7551,FALSE,FALSE,FALSE,"ebi-a-GCST005038","8","30280630",0.0066,360838,0.4873,"Allergic disease (asthma, hay fever or eczema) || id:ebi-a-GCST005038","Allergic disease (asthma, hay fever or eczema)","Allergic disease (asthma, hay fever or eczema) ||  || ",TRUE,"igd",NA,NA,NA,NA,NA,NA,NA,"8",30280630,0.004089,3.98658e-12,170702,"ebi-a-GCST004629","Neutrophil count || id:ebi-a-GCST004629",TRUE,"reported","igd",2,TRUE
"rs2992836","T","G","T","G",0.0299079,0.0094,0.1872,0.1531,FALSE,FALSE,FALSE,"ebi-a-GCST005038","9","276053",0.0077,360838,0.2194,"Allergic disease (asthma, hay fever or eczema) || id:ebi-a-GCST005038","Allergic disease (asthma, hay fever or eczema)","Allergic disease (asthma, hay fever or eczema) ||  || ",TRUE,"igd",NA,NA,NA,NA,NA,NA,NA,"9",276053,0.00466519,1.447e-10,170702,"ebi-a-GCST004629","Neutrophil count || id:ebi-a-GCST004629",TRUE,"reported","igd",2,TRUE
"rs2993989","A","G","A","G",0.0403204,-7e-04,0.7735,0.2092,FALSE,FALSE,FALSE,"ebi-a-GCST005038","10","28801915",0.0068,360838,0.9222,"Allergic disease (asthma, hay fever or eczema) || id:ebi-a-GCST005038","Allergic disease (asthma, hay fever or eczema)","Allergic disease (asthma, hay fever or eczema) ||  || ",TRUE,"igd",NA,NA,NA,NA,NA,NA,NA,"10",28801915,0.00426831,3.5051e-21,170702,"ebi-a-GCST004629","Neutrophil count || id:ebi-a-GCST004629",TRUE,"reported","igd",2,TRUE
"rs3184504","C","T","C","T",-0.0247596,0.0302,0.5176,0.5374,FALSE,FALSE,FALSE,"ebi-a-GCST005038","12","111884608",0.0057,360838,1.262e-07,"Allergic disease (asthma, hay fever or eczema) || id:ebi-a-GCST005038","Allergic disease (asthma, hay fever or eczema)","Allergic disease (asthma, hay fever or eczema) ||  || ",TRUE,"igd",NA,NA,NA,NA,NA,NA,NA,"12",111884608,0.00357138,4.12572e-12,170702,"ebi-a-GCST004629","Neutrophil count || id:ebi-a-GCST004629",TRUE,"reported","igd",2,TRUE
"rs34293785","C","T","C","T",-0.0473378,-0.0035,0.3663,0.4184,FALSE,FALSE,FALSE,"ebi-a-GCST005038","1","66156730",0.0059,360838,0.5472,"Allergic disease (asthma, hay fever or eczema) || id:ebi-a-GCST005038","Allergic disease (asthma, hay fever or eczema)","Allergic disease (asthma, hay fever or eczema) ||  || ",TRUE,"igd",TRUE,"rs34293785","rs2889195","C","T","T","C","1",66137192,0.00373246,7.36885e-37,170702,"ebi-a-GCST004629","Neutrophil count || id:ebi-a-GCST004629",TRUE,"reported","igd",2,TRUE
"rs34599082","T","C","T","C",-0.173047,0.0041,0.0137,0.01361,FALSE,FALSE,FALSE,"ebi-a-GCST005038","1","159175494",0.0267,360838,0.8764,"Allergic disease (asthma, hay fever or eczema) || id:ebi-a-GCST005038","Allergic disease (asthma, hay fever or eczema)","Allergic disease (asthma, hay fever or eczema) ||  || ",TRUE,"igd",NA,NA,NA,NA,NA,NA,NA,"1",159175494,0.0153767,2.21615e-29,170702,"ebi-a-GCST004629","Neutrophil count || id:ebi-a-GCST004629",TRUE,"reported","igd",2,TRUE
"rs34644391","T","C","T","C",0.0404548,-0.0137,0.0647,0.08673,FALSE,FALSE,FALSE,"ebi-a-GCST005038","14","69838784",0.0117,360838,0.2412,"Allergic disease (asthma, hay fever or eczema) || id:ebi-a-GCST005038","Allergic disease (asthma, hay fever or eczema)","Allergic disease (asthma, hay fever or eczema) ||  || ",TRUE,"igd",NA,NA,NA,NA,NA,NA,NA,"14",69838784,0.00729046,2.87303e-08,170702,"ebi-a-GCST004629","Neutrophil count || id:ebi-a-GCST004629",TRUE,"reported","igd",2,TRUE
"rs34668726","G","C","G","C",0.0292726,0.0067,0.1684,0.1718,FALSE,TRUE,FALSE,"ebi-a-GCST005038","2","23895901",0.0078,360838,0.3909,"Allergic disease (asthma, hay fever or eczema) || id:ebi-a-GCST005038","Allergic disease (asthma, hay fever or eczema)","Allergic disease (asthma, hay fever or eczema) ||  || ",TRUE,"igd",NA,NA,NA,NA,NA,NA,NA,"2",23895901,0.00480943,1.15401e-09,170702,"ebi-a-GCST004629","Neutrophil count || id:ebi-a-GCST004629",TRUE,"reported","igd",2,TRUE
"rs35915186","C","T","C","T",0.0241871,-0.0124,0.2132,0.7483,FALSE,FALSE,FALSE,"ebi-a-GCST005038","1","224654623",0.0071,360838,0.07873,"Allergic disease (asthma, hay fever or eczema) || id:ebi-a-GCST005038","Allergic disease (asthma, hay fever or eczema)","Allergic disease (asthma, hay fever or eczema) ||  || ",TRUE,"igd",NA,NA,NA,NA,NA,NA,NA,"1",224654623,0.00440043,3.87302e-08,170702,"ebi-a-GCST004629","Neutrophil count || id:ebi-a-GCST004629",TRUE,"reported","igd",2,TRUE
"rs35955747","T","A","T","A",0.020749,-0.0052,0.5393,0.5221,FALSE,TRUE,TRUE,"ebi-a-GCST005038","22","31813058",0.0059,360838,0.372,"Allergic disease (asthma, hay fever or eczema) || id:ebi-a-GCST005038","Allergic disease (asthma, hay fever or eczema)","Allergic disease (asthma, hay fever or eczema) ||  || ",TRUE,"igd",NA,NA,NA,NA,NA,NA,NA,"22",31813058,0.00359423,7.79292e-09,170702,"ebi-a-GCST004629","Neutrophil count || id:ebi-a-GCST004629",TRUE,"reported","igd",2,FALSE
"rs3735485","G","A","G","A",0.0326678,0.0095,0.8456,0.8452,FALSE,FALSE,FALSE,"ebi-a-GCST005038","7","45009341",0.008,360838,0.2383,"Allergic disease (asthma, hay fever or eczema) || id:ebi-a-GCST005038","Allergic disease (asthma, hay fever or eczema)","Allergic disease (asthma, hay fever or eczema) ||  || ",TRUE,"igd",NA,NA,NA,NA,NA,NA,NA,"7",45009341,0.00495101,4.16198e-11,170702,"ebi-a-GCST004629","Neutrophil count || id:ebi-a-GCST004629",TRUE,"reported","igd",2,TRUE
"rs3742716","A","G","A","G",0.0261369,0.0032,0.325,0.2959,FALSE,FALSE,FALSE,"ebi-a-GCST005038","14","93118669",0.0062,360838,0.6073,"Allergic disease (asthma, hay fever or eczema) || id:ebi-a-GCST005038","Allergic disease (asthma, hay fever or eczema)","Allergic disease (asthma, hay fever or eczema) ||  || ",TRUE,"igd",NA,NA,NA,NA,NA,NA,NA,"14",93118669,0.00382247,8.04637e-12,170702,"ebi-a-GCST004629","Neutrophil count || id:ebi-a-GCST004629",TRUE,"reported","igd",2,TRUE
"rs3747869","C","A","C","A",0.0335072,0.0034,0.9005,0.8946,FALSE,FALSE,FALSE,"ebi-a-GCST005038","10","73520632",0.0097,360838,0.724299,"Allergic disease (asthma, hay fever or eczema) || id:ebi-a-GCST005038","Allergic disease (asthma, hay fever or eczema)","Allergic disease (asthma, hay fever or eczema) ||  || ",TRUE,"igd",NA,NA,NA,NA,NA,NA,NA,"10",73520632,0.00596758,1.96698e-08,170702,"ebi-a-GCST004629","Neutrophil count || id:ebi-a-GCST004629",TRUE,"reported","igd",2,TRUE
"rs3781454","A","G","A","G",0.0212802,-0.0028,0.6785,0.352,FALSE,FALSE,FALSE,"ebi-a-GCST005038","10","126348565",0.0062,360838,0.6524,"Allergic disease (asthma, hay fever or eczema) || id:ebi-a-GCST005038","Allergic disease (asthma, hay fever or eczema)","Allergic disease (asthma, hay fever or eczema) ||  || ",TRUE,"igd",NA,NA,NA,NA,NA,NA,NA,"10",126348565,0.0038553,3.395e-08,170702,"ebi-a-GCST004629","Neutrophil count || id:ebi-a-GCST004629",TRUE,"reported","igd",2,TRUE
"rs385893","C","T","C","T",0.0260308,0.0054,0.5221,0.5323,FALSE,FALSE,FALSE,"ebi-a-GCST005038","9","4763176",0.0058,360838,0.3508,"Allergic disease (asthma, hay fever or eczema) || id:ebi-a-GCST005038","Allergic disease (asthma, hay fever or eczema)","Allergic disease (asthma, hay fever or eczema) ||  || ",TRUE,"igd",NA,NA,NA,NA,NA,NA,NA,"9",4763176,0.00358444,3.8089e-13,170702,"ebi-a-GCST004629","Neutrophil count || id:ebi-a-GCST004629",TRUE,"reported","igd",2,TRUE
"rs3917932","G","C","G","C",-0.0476695,-0.0067,0.5758,0.5935,FALSE,TRUE,TRUE,"ebi-a-GCST005038","1","36943916",0.0059,360838,0.2582,"Allergic disease (asthma, hay fever or eczema) || id:ebi-a-GCST005038","Allergic disease (asthma, hay fever or eczema)","Allergic disease (asthma, hay fever or eczema) ||  || ",TRUE,"igd",NA,NA,NA,NA,NA,NA,NA,"1",36943916,0.00362906,2.06205e-39,170702,"ebi-a-GCST004629","Neutrophil count || id:ebi-a-GCST004629",TRUE,"reported","igd",2,FALSE
"rs41313381","A","C","A","C",0.0653798,0.0221,0.0307,0.02721,FALSE,FALSE,FALSE,"ebi-a-GCST005038","1","79411968",0.017,360838,0.193,"Allergic disease (asthma, hay fever or eczema) || id:ebi-a-GCST005038","Allergic disease (asthma, hay fever or eczema)","Allergic disease (asthma, hay fever or eczema) ||  || ",TRUE,"igd",NA,NA,NA,NA,NA,NA,NA,"1",79411968,0.0103606,2.78298e-10,170702,"ebi-a-GCST004629","Neutrophil count || id:ebi-a-GCST004629",TRUE,"reported","igd",2,TRUE
"rs4147915","A","C","A","C",-0.0368177,-0.019,0.1475,0.1259,FALSE,FALSE,FALSE,"ebi-a-GCST005038","19","1049305",0.0096,360838,0.0479601,"Allergic disease (asthma, hay fever or eczema) || id:ebi-a-GCST005038","Allergic disease (asthma, hay fever or eczema)","Allergic disease (asthma, hay fever or eczema) ||  || ",TRUE,"igd",NA,NA,NA,NA,NA,NA,NA,"19",1049305,0.00516137,9.79716e-13,170702,"ebi-a-GCST004629","Neutrophil count || id:ebi-a-GCST004629",TRUE,"reported","igd",2,TRUE
"rs4244229","G","A","G","A",0.0215644,-0.0122,0.6748,0.7024,FALSE,FALSE,FALSE,"ebi-a-GCST005038","7","50282396",0.0061,360838,0.0461796,"Allergic disease (asthma, hay fever or eczema) || id:ebi-a-GCST005038","Allergic disease (asthma, hay fever or eczema)","Allergic disease (asthma, hay fever or eczema) ||  || ",TRUE,"igd",NA,NA,NA,NA,NA,NA,NA,"7",50282396,0.00381688,1.60702e-08,170702,"ebi-a-GCST004629","Neutrophil count || id:ebi-a-GCST004629",TRUE,"reported","igd",2,TRUE
"rs445","T","C","T","C",-0.0979808,0.0112,0.0971,0.08503,FALSE,FALSE,FALSE,"ebi-a-GCST005038","7","92408370",0.0097,360838,0.2487,"Allergic disease (asthma, hay fever or eczema) || id:ebi-a-GCST005038","Allergic disease (asthma, hay fever or eczema)","Allergic disease (asthma, hay fever or eczema) ||  || ",TRUE,"igd",NA,NA,NA,NA,NA,NA,NA,"7",92408370,0.0060661,1.09597e-58,170702,"ebi-a-GCST004629","Neutrophil count || id:ebi-a-GCST004629",TRUE,"reported","igd",2,TRUE
"rs4535497","A","C","A","C",-0.0198774,-0.0122,0.5689,0.4303,FALSE,FALSE,FALSE,"ebi-a-GCST005038","5","1107428",0.0064,360838,0.05615,"Allergic disease (asthma, hay fever or eczema) || id:ebi-a-GCST005038","Allergic disease (asthma, hay fever or eczema)","Allergic disease (asthma, hay fever or eczema) ||  || ",TRUE,"igd",NA,NA,NA,NA,NA,NA,NA,"5",1107428,0.00363827,4.671e-08,170702,"ebi-a-GCST004629","Neutrophil count || id:ebi-a-GCST004629",TRUE,"reported","igd",2,TRUE
"rs4599108","T","C","T","C",-0.020337,0.0117,0.4863,0.4949,FALSE,FALSE,FALSE,"ebi-a-GCST005038","2","85543222",0.0058,360838,0.0430596,"Allergic disease (asthma, hay fever or eczema) || id:ebi-a-GCST005038","Allergic disease (asthma, hay fever or eczema)","Allergic disease (asthma, hay fever or eczema) ||  || ",TRUE,"igd",NA,NA,NA,NA,NA,NA,NA,"2",85543222,0.00362979,2.10902e-08,170702,"ebi-a-GCST004629","Neutrophil count || id:ebi-a-GCST004629",TRUE,"reported","igd",2,TRUE
"rs4623401","G","A","G","A",-0.0236578,-0.0073,0.4694,0.5935,FALSE,FALSE,FALSE,"ebi-a-GCST005038","8","68797804",0.0059,360838,0.2159,"Allergic disease (asthma, hay fever or eczema) || id:ebi-a-GCST005038","Allergic disease (asthma, hay fever or eczema)","Allergic disease (asthma, hay fever or eczema) ||  || ",TRUE,"igd",NA,NA,NA,NA,NA,NA,NA,"8",68797804,0.00363249,7.37564e-11,170702,"ebi-a-GCST004629","Neutrophil count || id:ebi-a-GCST004629",TRUE,"reported","igd",2,TRUE
"rs4760","G","A","G","A",-0.0861491,8e-04,0.1569,0.8469,FALSE,FALSE,FALSE,"ebi-a-GCST005038","19","44153100",0.0083,360838,0.9246,"Allergic disease (asthma, hay fever or eczema) || id:ebi-a-GCST005038","Allergic disease (asthma, hay fever or eczema)","Allergic disease (asthma, hay fever or eczema) ||  || ",TRUE,"igd",NA,NA,NA,NA,NA,NA,NA,"19",44153100,0.00492275,1.42791e-68,170702,"ebi-a-GCST004629","Neutrophil count || id:ebi-a-GCST004629",TRUE,"reported","igd",2,TRUE
"rs4761234","C","T","C","T",0.0230901,0.0088,0.4859,0.5578,FALSE,FALSE,FALSE,"ebi-a-GCST005038","12","69732105",0.0057,360838,0.125,"Allergic disease (asthma, hay fever or eczema) || id:ebi-a-GCST005038","Allergic disease (asthma, hay fever or eczema)","Allergic disease (asthma, hay fever or eczema) ||  || ",TRUE,"igd",NA,NA,NA,NA,NA,NA,NA,"12",69732105,0.0035928,1.30299e-10,170702,"ebi-a-GCST004629","Neutrophil count || id:ebi-a-GCST004629",TRUE,"reported","igd",2,TRUE
"rs4844622","T","C","T","C",-0.0236614,-0.0087,0.2412,0.2262,FALSE,FALSE,FALSE,"ebi-a-GCST005038","1","208034329",0.0067,360838,0.1949,"Allergic disease (asthma, hay fever or eczema) || id:ebi-a-GCST005038","Allergic disease (asthma, hay fever or eczema)","Allergic disease (asthma, hay fever or eczema) ||  || ",TRUE,"igd",NA,NA,NA,NA,NA,NA,NA,"1",208034329,0.00418779,1.60398e-08,170702,"ebi-a-GCST004629","Neutrophil count || id:ebi-a-GCST004629",TRUE,"reported","igd",2,TRUE
"rs4924590","A","T","A","T",0.0351502,-0.0109,0.2444,0.2551,FALSE,TRUE,FALSE,"ebi-a-GCST005038","15","42233673",0.0068,360838,0.1088,"Allergic disease (asthma, hay fever or eczema) || id:ebi-a-GCST005038","Allergic disease (asthma, hay fever or eczema)","Allergic disease (asthma, hay fever or eczema) ||  || ",TRUE,"igd",NA,NA,NA,NA,NA,NA,NA,"15",42233673,0.00417231,3.6191e-17,170702,"ebi-a-GCST004629","Neutrophil count || id:ebi-a-GCST004629",TRUE,"reported","igd",2,TRUE
"rs5013026","T","C","T","C",0.0206252,0.0064,0.5045,0.4643,FALSE,FALSE,FALSE,"ebi-a-GCST005038","22","18171650",0.0057,360838,0.26,"Allergic disease (asthma, hay fever or eczema) || id:ebi-a-GCST005038","Allergic disease (asthma, hay fever or eczema)","Allergic disease (asthma, hay fever or eczema) ||  || ",TRUE,"igd",NA,NA,NA,NA,NA,NA,NA,"22",18171650,0.00357931,8.29507e-09,170702,"ebi-a-GCST004629","Neutrophil count || id:ebi-a-GCST004629",TRUE,"reported","igd",2,TRUE
"rs55720021","T","G","T","G",0.0301091,0.0104,0.7611,0.2619,FALSE,FALSE,FALSE,"ebi-a-GCST005038","19","49145513",0.0069,360838,0.1322,"Allergic disease (asthma, hay fever or eczema) || id:ebi-a-GCST005038","Allergic disease (asthma, hay fever or eczema)","Allergic disease (asthma, hay fever or eczema) ||  || ",TRUE,"igd",TRUE,"rs55720021","rs4365394","G","T","C","T","19",49144241,0.00423954,1.22999e-12,170702,"ebi-a-GCST004629","Neutrophil count || id:ebi-a-GCST004629",TRUE,"reported","igd",2,TRUE
"rs56378716","G","A","G","A",0.140038,0.0218,0.0127,0.98469,FALSE,FALSE,FALSE,"ebi-a-GCST005038","17","56356502",0.0254,360838,0.3912,"Allergic disease (asthma, hay fever or eczema) || id:ebi-a-GCST005038","Allergic disease (asthma, hay fever or eczema)","Allergic disease (asthma, hay fever or eczema) ||  || ",TRUE,"igd",NA,NA,NA,NA,NA,NA,NA,"17",56356502,0.0159766,1.8638e-18,170702,"ebi-a-GCST004629","Neutrophil count || id:ebi-a-GCST004629",TRUE,"reported","igd",2,TRUE
"rs56388170","T","G","T","G",0.0749767,0.0098,0.2958,0.3027,FALSE,FALSE,FALSE,"ebi-a-GCST005038","7","28724374",0.0064,360838,0.1263,"Allergic disease (asthma, hay fever or eczema) || id:ebi-a-GCST005038","Allergic disease (asthma, hay fever or eczema)","Allergic disease (asthma, hay fever or eczema) ||  || ",TRUE,"igd",NA,NA,NA,NA,NA,NA,NA,"7",28724374,0.00398018,3.71963e-79,170702,"ebi-a-GCST004629","Neutrophil count || id:ebi-a-GCST004629",TRUE,"reported","igd",2,TRUE
"rs60606273","T","A","T","A",0.0483896,-0.022,0.94,0.96088,FALSE,TRUE,FALSE,"ebi-a-GCST005038","15","64672002",0.0122,360838,0.07093,"Allergic disease (asthma, hay fever or eczema) || id:ebi-a-GCST005038","Allergic disease (asthma, hay fever or eczema)","Allergic disease (asthma, hay fever or eczema) ||  || ",TRUE,"igd",TRUE,"rs60606273","rs2062250","A","T","G","A","15",64654967,0.00763911,2.38199e-10,170702,"ebi-a-GCST004629","Neutrophil count || id:ebi-a-GCST004629",TRUE,"reported","igd",2,TRUE
"rs61804160","A","T","A","T",-0.0360092,0.0146,0.1374,0.131,FALSE,TRUE,FALSE,"ebi-a-GCST005038","1","161620089",0.0088,360838,0.0976495,"Allergic disease (asthma, hay fever or eczema) || id:ebi-a-GCST005038","Allergic disease (asthma, hay fever or eczema)","Allergic disease (asthma, hay fever or eczema) ||  || ",TRUE,"igd",NA,NA,NA,NA,NA,NA,NA,"1",161620089,0.00520512,4.57931e-12,170702,"ebi-a-GCST004629","Neutrophil count || id:ebi-a-GCST004629",TRUE,"reported","igd",2,TRUE
"rs61897795","G","A","G","A",-0.0335628,-0.0146,0.1643,0.8673,FALSE,FALSE,FALSE,"ebi-a-GCST005038","11","61618169",0.0079,360838,0.0657204,"Allergic disease (asthma, hay fever or eczema) || id:ebi-a-GCST005038","Allergic disease (asthma, hay fever or eczema)","Allergic disease (asthma, hay fever or eczema) ||  || ",TRUE,"igd",NA,NA,NA,NA,NA,NA,NA,"11",61618169,0.00488276,6.25461e-12,170702,"ebi-a-GCST004629","Neutrophil count || id:ebi-a-GCST004629",TRUE,"reported","igd",2,TRUE
"rs62334650","T","C","T","C",-0.0219697,-2e-04,0.3117,0.3146,FALSE,FALSE,FALSE,"ebi-a-GCST005038","4","145038318",0.0064,360838,0.9797,"Allergic disease (asthma, hay fever or eczema) || id:ebi-a-GCST005038","Allergic disease (asthma, hay fever or eczema)","Allergic disease (asthma, hay fever or eczema) ||  || ",TRUE,"igd",NA,NA,NA,NA,NA,NA,NA,"4",145038318,0.00393504,2.36298e-08,170702,"ebi-a-GCST004629","Neutrophil count || id:ebi-a-GCST004629",TRUE,"reported","igd",2,TRUE
"rs6416877","G","T","G","T",0.0244142,-0.0057,0.7281,0.6752,FALSE,FALSE,FALSE,"ebi-a-GCST005038","17","1367122",0.0065,360838,0.3804,"Allergic disease (asthma, hay fever or eczema) || id:ebi-a-GCST005038","Allergic disease (asthma, hay fever or eczema)","Allergic disease (asthma, hay fever or eczema) ||  || ",TRUE,"igd",NA,NA,NA,NA,NA,NA,NA,"17",1367122,0.004044,1.56899e-09,170702,"ebi-a-GCST004629","Neutrophil count || id:ebi-a-GCST004629",TRUE,"reported","igd",2,TRUE
"rs6500550","T","C","T","C",-0.0243651,-0.0187,0.3027,0.3197,FALSE,FALSE,FALSE,"ebi-a-GCST005038","16","3746241",0.0063,360838,0.00302099,"Allergic disease (asthma, hay fever or eczema) || id:ebi-a-GCST005038","Allergic disease (asthma, hay fever or eczema)","Allergic disease (asthma, hay fever or eczema) ||  || ",TRUE,"igd",NA,NA,NA,NA,NA,NA,NA,"16",3746241,0.00392633,5.45004e-10,170702,"ebi-a-GCST004629","Neutrophil count || id:ebi-a-GCST004629",TRUE,"reported","igd",2,TRUE
"rs6554196","G","C","G","C",-0.0218273,0.0026,0.3812,0.3418,FALSE,TRUE,FALSE,"ebi-a-GCST005038","4","55501109",0.0059,360838,0.653699,"Allergic disease (asthma, hay fever or eczema) || id:ebi-a-GCST005038","Allergic disease (asthma, hay fever or eczema)","Allergic disease (asthma, hay fever or eczema) ||  || ",TRUE,"igd",NA,NA,NA,NA,NA,NA,NA,"4",55501109,0.00367973,2.99702e-09,170702,"ebi-a-GCST004629","Neutrophil count || id:ebi-a-GCST004629",TRUE,"reported","igd",2,TRUE
"rs6665290","T","C","T","C",-0.0262986,0.0167,0.4606,0.4184,FALSE,FALSE,FALSE,"ebi-a-GCST005038","1","227201106",0.0058,360838,0.00389897,"Allergic disease (asthma, hay fever or eczema) || id:ebi-a-GCST005038","Allergic disease (asthma, hay fever or eczema)","Allergic disease (asthma, hay fever or eczema) ||  || ",TRUE,"igd",NA,NA,NA,NA,NA,NA,NA,"1",227201106,0.00362353,3.93641e-13,170702,"ebi-a-GCST004629","Neutrophil count || id:ebi-a-GCST004629",TRUE,"reported","igd",2,TRUE
"rs6679677","A","C","A","C",-0.0425844,-0.0035,0.1015,0.08673,FALSE,FALSE,FALSE,"ebi-a-GCST005038","1","114303808",0.0096,360838,0.716199,"Allergic disease (asthma, hay fever or eczema) || id:ebi-a-GCST005038","Allergic disease (asthma, hay fever or eczema)","Allergic disease (asthma, hay fever or eczema) ||  || ",TRUE,"igd",NA,NA,NA,NA,NA,NA,NA,"1",114303808,0.00590125,5.34687e-13,170702,"ebi-a-GCST004629","Neutrophil count || id:ebi-a-GCST004629",TRUE,"reported","igd",2,TRUE
"rs6740847","G","A","G","A",0.0250503,-0.018,0.5637,0.5578,FALSE,FALSE,FALSE,"ebi-a-GCST005038","2","182308352",0.0058,360838,0.00179999,"Allergic disease (asthma, hay fever or eczema) || id:ebi-a-GCST005038","Allergic disease (asthma, hay fever or eczema)","Allergic disease (asthma, hay fever or eczema) ||  || ",TRUE,"igd",NA,NA,NA,NA,NA,NA,NA,"2",182308352,0.00362055,4.55093e-12,170702,"ebi-a-GCST004629","Neutrophil count || id:ebi-a-GCST004629",TRUE,"reported","igd",2,TRUE
"rs7047907","A","G","A","G",0.0227344,0.0029,0.7438,0.2908,FALSE,FALSE,FALSE,"ebi-a-GCST005038","9","86368660",0.0065,360838,0.661601,"Allergic disease (asthma, hay fever or eczema) || id:ebi-a-GCST005038","Allergic disease (asthma, hay fever or eczema)","Allergic disease (asthma, hay fever or eczema) ||  || ",TRUE,"igd",NA,NA,NA,NA,NA,NA,NA,"9",86368660,0.00409809,2.89701e-08,170702,"ebi-a-GCST004629","Neutrophil count || id:ebi-a-GCST004629",TRUE,"reported","igd",2,TRUE
"rs7168592","T","C","T","C",0.041901,-0.0082,0.107,0.1003,FALSE,FALSE,FALSE,"ebi-a-GCST005038","15","101723499",0.0094,360838,0.3848,"Allergic disease (asthma, hay fever or eczema) || id:ebi-a-GCST005038","Allergic disease (asthma, hay fever or eczema)","Allergic disease (asthma, hay fever or eczema) ||  || ",TRUE,"igd",NA,NA,NA,NA,NA,NA,NA,"15",101723499,0.005798,4.94538e-13,170702,"ebi-a-GCST004629","Neutrophil count || id:ebi-a-GCST004629",TRUE,"reported","igd",2,TRUE
"rs7259539","T","C","T","C",0.0212697,0.0063,0.4886,0.4983,FALSE,FALSE,FALSE,"ebi-a-GCST005038","19","7846887",0.0058,360838,0.2774,"Allergic disease (asthma, hay fever or eczema) || id:ebi-a-GCST005038","Allergic disease (asthma, hay fever or eczema)","Allergic disease (asthma, hay fever or eczema) ||  || ",TRUE,"igd",NA,NA,NA,NA,NA,NA,NA,"19",7846887,0.00360543,3.64897e-09,170702,"ebi-a-GCST004629","Neutrophil count || id:ebi-a-GCST004629",TRUE,"reported","igd",2,TRUE
"rs72790862","C","T","C","T",-0.0220783,0.0041,0.3064,0.7041,FALSE,FALSE,FALSE,"ebi-a-GCST005038","10","44880260",0.0062,360838,0.5129,"Allergic disease (asthma, hay fever or eczema) || id:ebi-a-GCST005038","Allergic disease (asthma, hay fever or eczema)","Allergic disease (asthma, hay fever or eczema) ||  || ",TRUE,"igd",NA,NA,NA,NA,NA,NA,NA,"10",44880260,0.00390287,1.54099e-08,170702,"ebi-a-GCST004629","Neutrophil count || id:ebi-a-GCST004629",TRUE,"reported","igd",2,TRUE
"rs72917514","A","G","A","G",0.0647766,-0.0091,0.033,0.05102,FALSE,FALSE,FALSE,"ebi-a-GCST005038","2","55013646",0.0161,360838,0.569799,"Allergic disease (asthma, hay fever or eczema) || id:ebi-a-GCST005038","Allergic disease (asthma, hay fever or eczema)","Allergic disease (asthma, hay fever or eczema) ||  || ",TRUE,"igd",NA,NA,NA,NA,NA,NA,NA,"2",55013646,0.0100546,1.17501e-10,170702,"ebi-a-GCST004629","Neutrophil count || id:ebi-a-GCST004629",TRUE,"reported","igd",2,TRUE
"rs749780","A","C","A","C",0.0237486,-0.0205,0.7317,0.2789,FALSE,FALSE,FALSE,"ebi-a-GCST005038","17","72699384",0.0065,360838,0.00165101,"Allergic disease (asthma, hay fever or eczema) || id:ebi-a-GCST005038","Allergic disease (asthma, hay fever or eczema)","Allergic disease (asthma, hay fever or eczema) ||  || ",TRUE,"igd",NA,NA,NA,NA,NA,NA,NA,"17",72699384,0.0040633,5.07598e-09,170702,"ebi-a-GCST004629","Neutrophil count || id:ebi-a-GCST004629",TRUE,"reported","igd",2,TRUE
"rs7575217","G","A","G","A",0.02159,-0.0011,0.6724,0.6378,FALSE,FALSE,FALSE,"ebi-a-GCST005038","2","101776932",0.0061,360838,0.8626,"Allergic disease (asthma, hay fever or eczema) || id:ebi-a-GCST005038","Allergic disease (asthma, hay fever or eczema)","Allergic disease (asthma, hay fever or eczema) ||  || ",TRUE,"igd",NA,NA,NA,NA,NA,NA,NA,"2",101776932,0.00382079,1.59801e-08,170702,"ebi-a-GCST004629","Neutrophil count || id:ebi-a-GCST004629",TRUE,"reported","igd",2,TRUE
"rs7646596","G","T","G","T",-0.0710578,0.0223,0.8931,0.8946,FALSE,FALSE,FALSE,"ebi-a-GCST005038","3","128320345",0.0091,360838,0.0148501,"Allergic disease (asthma, hay fever or eczema) || id:ebi-a-GCST005038","Allergic disease (asthma, hay fever or eczema)","Allergic disease (asthma, hay fever or eczema) ||  || ",TRUE,"igd",NA,NA,NA,NA,NA,NA,NA,"3",128320345,0.00582179,2.90603e-34,170702,"ebi-a-GCST004629","Neutrophil count || id:ebi-a-GCST004629",TRUE,"reported","igd",2,TRUE
"rs7679673","A","C","A","C",-0.0234556,-0.0092,0.3746,0.4048,FALSE,FALSE,FALSE,"ebi-a-GCST005038","4","106061534",0.0058,360838,0.117,"Allergic disease (asthma, hay fever or eczema) || id:ebi-a-GCST005038","Allergic disease (asthma, hay fever or eczema)","Allergic disease (asthma, hay fever or eczema) ||  || ",TRUE,"igd",NA,NA,NA,NA,NA,NA,NA,"4",106061534,0.00367883,1.81999e-10,170702,"ebi-a-GCST004629","Neutrophil count || id:ebi-a-GCST004629",TRUE,"reported","igd",2,TRUE
"rs7705526","A","C","A","C",0.0354531,-0.0132,0.3291,0.318,FALSE,FALSE,FALSE,"ebi-a-GCST005038","5","1285974",0.0067,360838,0.0481903,"Allergic disease (asthma, hay fever or eczema) || id:ebi-a-GCST005038","Allergic disease (asthma, hay fever or eczema)","Allergic disease (asthma, hay fever or eczema) ||  || ",TRUE,"igd",NA,NA,NA,NA,NA,NA,NA,"5",1285974,0.0038898,7.91225e-20,170702,"ebi-a-GCST004629","Neutrophil count || id:ebi-a-GCST004629",TRUE,"reported","igd",2,TRUE
"rs778387","G","C","G","C",0.0213552,-0.0118,0.4042,0.3878,FALSE,TRUE,FALSE,"ebi-a-GCST005038","1","56624095",0.0061,360838,0.0527801,"Allergic disease (asthma, hay fever or eczema) || id:ebi-a-GCST005038","Allergic disease (asthma, hay fever or eczema)","Allergic disease (asthma, hay fever or eczema) ||  || ",TRUE,"igd",NA,NA,NA,NA,NA,NA,NA,"1",56624095,0.00377145,1.493e-08,170702,"ebi-a-GCST004629","Neutrophil count || id:ebi-a-GCST004629",TRUE,"reported","igd",2,TRUE
"rs7846314","T","A","T","A",0.064564,-0.0029,0.1865,0.2109,FALSE,TRUE,FALSE,"ebi-a-GCST005038","8","61650831",0.0074,360838,0.6944,"Allergic disease (asthma, hay fever or eczema) || id:ebi-a-GCST005038","Allergic disease (asthma, hay fever or eczema)","Allergic disease (asthma, hay fever or eczema) ||  || ",TRUE,"igd",NA,NA,NA,NA,NA,NA,NA,"8",61650831,0.00460861,1.3649e-44,170702,"ebi-a-GCST004629","Neutrophil count || id:ebi-a-GCST004629",TRUE,"reported","igd",2,TRUE
"rs7896518","G","A","G","A",-0.0365893,0.0186,0.4276,0.5986,FALSE,FALSE,FALSE,"ebi-a-GCST005038","10","65104500",0.0058,360838,0.00136801,"Allergic disease (asthma, hay fever or eczema) || id:ebi-a-GCST005038","Allergic disease (asthma, hay fever or eczema)","Allergic disease (asthma, hay fever or eczema) ||  || ",TRUE,"igd",NA,NA,NA,NA,NA,NA,NA,"10",65104500,0.00366663,1.88408e-23,170702,"ebi-a-GCST004629","Neutrophil count || id:ebi-a-GCST004629",TRUE,"reported","igd",2,TRUE
"rs791357","C","T","C","T",-0.0414957,0.0056,0.7204,0.7398,FALSE,FALSE,FALSE,"ebi-a-GCST005038","5","173205225",0.0065,360838,0.3888,"Allergic disease (asthma, hay fever or eczema) || id:ebi-a-GCST005038","Allergic disease (asthma, hay fever or eczema)","Allergic disease (asthma, hay fever or eczema) ||  || ",TRUE,"igd",NA,NA,NA,NA,NA,NA,NA,"5",173205225,0.0040541,1.37499e-24,170702,"ebi-a-GCST004629","Neutrophil count || id:ebi-a-GCST004629",TRUE,"reported","igd",2,TRUE
"rs8179","C","T","C","T",-0.0378872,-0.0045,0.7915,0.7959,FALSE,FALSE,FALSE,"ebi-a-GCST005038","7","92236164",0.0071,360838,0.5251,"Allergic disease (asthma, hay fever or eczema) || id:ebi-a-GCST005038","Allergic disease (asthma, hay fever or eczema)","Allergic disease (asthma, hay fever or eczema) ||  || ",TRUE,"igd",NA,NA,NA,NA,NA,NA,NA,"7",92236164,0.00442137,1.04304e-17,170702,"ebi-a-GCST004629","Neutrophil count || id:ebi-a-GCST004629",TRUE,"reported","igd",2,TRUE
"rs8705","A","G","A","G",-0.0233377,-0.0019,0.3191,0.3333,FALSE,FALSE,FALSE,"ebi-a-GCST005038","11","128328913",0.0062,360838,0.760801,"Allergic disease (asthma, hay fever or eczema) || id:ebi-a-GCST005038","Allergic disease (asthma, hay fever or eczema)","Allergic disease (asthma, hay fever or eczema) ||  || ",TRUE,"igd",NA,NA,NA,NA,NA,NA,NA,"11",128328913,0.00392721,2.80602e-09,170702,"ebi-a-GCST004629","Neutrophil count || id:ebi-a-GCST004629",TRUE,"reported","igd",2,TRUE
"rs891389","T","C","T","C",-0.0248567,-0.001,0.3478,0.3656,FALSE,FALSE,FALSE,"ebi-a-GCST005038","18","21087531",0.006,360838,0.8746,"Allergic disease (asthma, hay fever or eczema) || id:ebi-a-GCST005038","Allergic disease (asthma, hay fever or eczema)","Allergic disease (asthma, hay fever or eczema) ||  || ",TRUE,"igd",NA,NA,NA,NA,NA,NA,NA,"18",21087531,0.00378609,5.19398e-11,170702,"ebi-a-GCST004629","Neutrophil count || id:ebi-a-GCST004629",TRUE,"reported","igd",2,TRUE
"rs9287604","C","G","C","G",0.0306575,-4e-04,0.7325,0.7449,FALSE,TRUE,FALSE,"ebi-a-GCST005038","2","237776165",0.0066,360838,0.9541,"Allergic disease (asthma, hay fever or eczema) || id:ebi-a-GCST005038","Allergic disease (asthma, hay fever or eczema)","Allergic disease (asthma, hay fever or eczema) ||  || ",TRUE,"igd",NA,NA,NA,NA,NA,NA,NA,"2",237776165,0.00409182,6.76239e-14,170702,"ebi-a-GCST004629","Neutrophil count || id:ebi-a-GCST004629",TRUE,"reported","igd",2,TRUE
"rs9344678","T","C","T","C",-0.0303233,0.0162,0.4793,0.4745,FALSE,FALSE,FALSE,"ebi-a-GCST005038","6","87839741",0.0058,360838,0.00524904,"Allergic disease (asthma, hay fever or eczema) || id:ebi-a-GCST005038","Allergic disease (asthma, hay fever or eczema)","Allergic disease (asthma, hay fever or eczema) ||  || ",TRUE,"igd",NA,NA,NA,NA,NA,NA,NA,"6",87839741,0.00361672,5.10858e-17,170702,"ebi-a-GCST004629","Neutrophil count || id:ebi-a-GCST004629",TRUE,"reported","igd",2,TRUE
"rs9350353","T","G","T","G",-0.0243271,7e-04,0.3566,0.3554,FALSE,FALSE,FALSE,"ebi-a-GCST005038","6","21385989",0.006,360838,0.9014,"Allergic disease (asthma, hay fever or eczema) || id:ebi-a-GCST005038","Allergic disease (asthma, hay fever or eczema)","Allergic disease (asthma, hay fever or eczema) ||  || ",TRUE,"igd",NA,NA,NA,NA,NA,NA,NA,"6",21385989,0.00373622,7.45762e-11,170702,"ebi-a-GCST004629","Neutrophil count || id:ebi-a-GCST004629",TRUE,"reported","igd",2,TRUE
"rs9400271","A","G","A","G",0.033225,-0.0079,0.4835,0.4983,FALSE,FALSE,FALSE,"ebi-a-GCST005038","6","109607556",0.0057,360838,0.1675,"Allergic disease (asthma, hay fever or eczema) || id:ebi-a-GCST005038","Allergic disease (asthma, hay fever or eczema)","Allergic disease (asthma, hay fever or eczema) ||  || ",TRUE,"igd",NA,NA,NA,NA,NA,NA,NA,"6",109607556,0.00358384,1.84799e-20,170702,"ebi-a-GCST004629","Neutrophil count || id:ebi-a-GCST004629",TRUE,"reported","igd",2,TRUE
"rs9402685","C","T","C","T",-0.0344257,-0.0011,0.2496,0.7228,FALSE,FALSE,FALSE,"ebi-a-GCST005038","6","135419688",0.0065,360838,0.8654,"Allergic disease (asthma, hay fever or eczema) || id:ebi-a-GCST005038","Allergic disease (asthma, hay fever or eczema)","Allergic disease (asthma, hay fever or eczema) ||  || ",TRUE,"igd",NA,NA,NA,NA,NA,NA,NA,"6",135419688,0.00427181,7.70371e-16,170702,"ebi-a-GCST004629","Neutrophil count || id:ebi-a-GCST004629",TRUE,"reported","igd",2,TRUE
"rs9872570","A","T","A","T",-0.0235654,0.0031,0.3849,0.4048,FALSE,TRUE,FALSE,"ebi-a-GCST005038","3","42896515",0.0059,360838,0.6017,"Allergic disease (asthma, hay fever or eczema) || id:ebi-a-GCST005038","Allergic disease (asthma, hay fever or eczema)","Allergic disease (asthma, hay fever or eczema) ||  || ",TRUE,"igd",NA,NA,NA,NA,NA,NA,NA,"3",42896515,0.00367067,1.36301e-10,170702,"ebi-a-GCST004629","Neutrophil count || id:ebi-a-GCST004629",TRUE,"reported","igd",2,TRUE
"rs9926664","G","A","G","A",0.0409892,0.0125,0.1447,0.8486,FALSE,FALSE,FALSE,"ebi-a-GCST005038","16","85938755",0.0084,360838,0.1348,"Allergic disease (asthma, hay fever or eczema) || id:ebi-a-GCST005038","Allergic disease (asthma, hay fever or eczema)","Allergic disease (asthma, hay fever or eczema) ||  || ",TRUE,"igd",NA,NA,NA,NA,NA,NA,NA,"16",85938755,0.00510751,1.01298e-15,170702,"ebi-a-GCST004629","Neutrophil count || id:ebi-a-GCST004629",TRUE,"reported","igd",2,TRUE
"rs9955853","T","C","T","C",-0.0209953,0.0054,0.5612,0.4779,FALSE,FALSE,FALSE,"ebi-a-GCST005038","18","43829655",0.0058,360838,0.3556,"Allergic disease (asthma, hay fever or eczema) || id:ebi-a-GCST005038","Allergic disease (asthma, hay fever or eczema)","Allergic disease (asthma, hay fever or eczema) ||  || ",TRUE,"igd",NA,NA,NA,NA,NA,NA,NA,"18",43829655,0.00361213,6.15701e-09,170702,"ebi-a-GCST004629","Neutrophil count || id:ebi-a-GCST004629",TRUE,"reported","igd",2,TRUE
"rs9977672","A","G","A","G",-0.0255388,0.0275,0.2583,0.2313,FALSE,FALSE,FALSE,"ebi-a-GCST005038","21","40463283",0.0066,360838,2.96101e-05,"Allergic disease (asthma, hay fever or eczema) || id:ebi-a-GCST005038","Allergic disease (asthma, hay fever or eczema)","Allergic disease (asthma, hay fever or eczema) ||  || ",TRUE,"igd",NA,NA,NA,NA,NA,NA,NA,"21",40463283,0.00414608,7.28702e-10,170702,"ebi-a-GCST004629","Neutrophil count || id:ebi-a-GCST004629",TRUE,"reported","igd",2,TRUE
"rs998584","A","C","A","C",0.0204058,0.0081,0.4818,0.4677,FALSE,FALSE,FALSE,"ebi-a-GCST005038","6","43757896",0.006,360838,0.1815,"Allergic disease (asthma, hay fever or eczema) || id:ebi-a-GCST005038","Allergic disease (asthma, hay fever or eczema)","Allergic disease (asthma, hay fever or eczema) ||  || ",TRUE,"igd",NA,NA,NA,NA,NA,NA,NA,"6",43757896,0.00358437,1.24799e-08,170702,"ebi-a-GCST004629","Neutrophil count || id:ebi-a-GCST004629",TRUE,"reported","igd",2,TRUE
