"SNP","effect_allele.exposure","other_allele.exposure","effect_allele.outcome","other_allele.outcome","beta.exposure","beta.outcome","eaf.exposure","eaf.outcome","remove","palindromic","ambiguous","id.outcome","chr","pos","se.outcome","samplesize.outcome","pval.outcome","outcome","originalname.outcome","outcome.deprecated","mr_keep.outcome","data_source.outcome","proxy.outcome","target_snp.outcome","proxy_snp.outcome","target_a1.outcome","target_a2.outcome","proxy_a1.outcome","proxy_a2.outcome","pval.exposure","se.exposure","pos.exposure","samplesize.exposure","chr.exposure","id.exposure","exposure","mr_keep.exposure","pval_origin.exposure","data_source.exposure","action","mr_keep"
"rs1008084","A","G","A","G",0.0997,-0.0085,NA,0.4184,FALSE,FALSE,FALSE,"ebi-a-GCST005038","6","109626965",0.0057,360838,0.1362,"Allergic disease (asthma, hay fever or eczema) || id:ebi-a-GCST005038","Allergic disease (asthma, hay fever or eczema)","Allergic disease (asthma, hay fever or eczema) ||  || ",TRUE,"igd",NA,NA,NA,NA,NA,NA,NA,6.34454e-26,0.0096,109626965,51455,"6","ieu-a-271","Mean cell haemoglobin || id:ieu-a-271",TRUE,"reported","igd",2,TRUE
"rs10849023","T","C","T","C",0.0894,-0.0033,NA,0.1956,FALSE,FALSE,FALSE,"ebi-a-GCST005038","12","4332478",0.0071,360838,0.643301,"Allergic disease (asthma, hay fever or eczema) || id:ebi-a-GCST005038","Allergic disease (asthma, hay fever or eczema)","Allergic disease (asthma, hay fever or eczema) ||  || ",TRUE,"igd",NA,NA,NA,NA,NA,NA,NA,7.5024e-12,0.013,4332478,42647,"12","ieu-a-271","Mean cell haemoglobin || id:ieu-a-271",TRUE,"reported","igd",2,TRUE
"rs11248850","A","G","A","G",-0.1017,0.0026,NA,0.483,FALSE,FALSE,FALSE,"ebi-a-GCST005038","16","163598",0.006,360838,0.6625,"Allergic disease (asthma, hay fever or eczema) || id:ebi-a-GCST005038","Allergic disease (asthma, hay fever or eczema)","Allergic disease (asthma, hay fever or eczema) ||  || ",TRUE,"igd",NA,NA,NA,NA,NA,NA,NA,6.32703e-23,0.0101,163598,51345,"16","ieu-a-271","Mean cell haemoglobin || id:ieu-a-271",TRUE,"reported","igd",2,TRUE
"rs11601325","A","G","A","G",-0.0509,0.0048,NA,0.3929,FALSE,FALSE,FALSE,"ebi-a-GCST005038","11","67227006",0.0058,360838,0.4093,"Allergic disease (asthma, hay fever or eczema) || id:ebi-a-GCST005038","Allergic disease (asthma, hay fever or eczema)","Allergic disease (asthma, hay fever or eczema) ||  || ",TRUE,"igd",NA,NA,NA,NA,NA,NA,NA,9.8451e-09,0.0101,67227006,47384,"11","ieu-a-271","Mean cell haemoglobin || id:ieu-a-271",TRUE,"reported","igd",2,TRUE
"rs11717368","C","G","C","G",0.0833,0.002,NA,0.4762,FALSE,TRUE,TRUE,"ebi-a-GCST005038","3","195834357",0.0058,360838,0.7287,"Allergic disease (asthma, hay fever or eczema) || id:ebi-a-GCST005038","Allergic disease (asthma, hay fever or eczema)","Allergic disease (asthma, hay fever or eczema) ||  || ",TRUE,"igd",NA,NA,NA,NA,NA,NA,NA,6.63285e-19,0.0099,195834357,51664,"3","ieu-a-271","Mean cell haemoglobin || id:ieu-a-271",TRUE,"reported","igd",2,FALSE
"rs11968166","A","G","A","G",0.1528,-9e-04,NA,0.1531,FALSE,FALSE,FALSE,"ebi-a-GCST005038","6","41925304",0.0074,360838,0.9066,"Allergic disease (asthma, hay fever or eczema) || id:ebi-a-GCST005038","Allergic disease (asthma, hay fever or eczema)","Allergic disease (asthma, hay fever or eczema) ||  || ",TRUE,"igd",NA,NA,NA,NA,NA,NA,NA,9.35406e-34,0.0126,41925304,51388,"6","ieu-a-271","Mean cell haemoglobin || id:ieu-a-271",TRUE,"reported","igd",2,TRUE
"rs13027161","C","T","C","T",0.0638,-0.0026,NA,0.5833,FALSE,FALSE,FALSE,"ebi-a-GCST005038","2","60607728",0.0058,360838,0.658701,"Allergic disease (asthma, hay fever or eczema) || id:ebi-a-GCST005038","Allergic disease (asthma, hay fever or eczema)","Allergic disease (asthma, hay fever or eczema) ||  || ",TRUE,"igd",NA,NA,NA,NA,NA,NA,NA,7.14661e-12,0.0098,60607728,51373,"2","ieu-a-271","Mean cell haemoglobin || id:ieu-a-271",TRUE,"reported","igd",2,TRUE
"rs140522","C","T","C","T",0.1093,-0.0168,NA,0.6633,FALSE,FALSE,FALSE,"ebi-a-GCST005038","22","50971266",0.0064,360838,0.00873695,"Allergic disease (asthma, hay fever or eczema) || id:ebi-a-GCST005038","Allergic disease (asthma, hay fever or eczema)","Allergic disease (asthma, hay fever or eczema) ||  || ",TRUE,"igd",NA,NA,NA,NA,NA,NA,NA,7.9726e-21,0.0121,50971266,38308,"22","ieu-a-271","Mean cell haemoglobin || id:ieu-a-271",TRUE,"reported","igd",2,TRUE
"rs1408272","G","T","G","T",0.4289,0.0304,NA,0.95238,FALSE,FALSE,FALSE,"ebi-a-GCST005038","6","25842951",0.0111,360838,0.00594895,"Allergic disease (asthma, hay fever or eczema) || id:ebi-a-GCST005038","Allergic disease (asthma, hay fever or eczema)","Allergic disease (asthma, hay fever or eczema) ||  || ",TRUE,"igd",NA,NA,NA,NA,NA,NA,NA,4.83615e-67,0.0262,25842951,36605,"6","ieu-a-271","Mean cell haemoglobin || id:ieu-a-271",TRUE,"reported","igd",2,TRUE
"rs2070265","T","C","T","C",0.0894,0.006,NA,0.2007,FALSE,FALSE,FALSE,"ebi-a-GCST005038","17","27075423",0.0071,360838,0.4018,"Allergic disease (asthma, hay fever or eczema) || id:ebi-a-GCST005038","Allergic disease (asthma, hay fever or eczema)","Allergic disease (asthma, hay fever or eczema) ||  || ",TRUE,"igd",NA,NA,NA,NA,NA,NA,NA,5.08042e-14,0.012,27075423,51503,"17","ieu-a-271","Mean cell haemoglobin || id:ieu-a-271",TRUE,"reported","igd",2,TRUE
"rs2075672","G","A","G","A",0.0974,-0.012,NA,0.6054,FALSE,FALSE,FALSE,"ebi-a-GCST005038","7","100240296",0.0059,360838,0.04271,"Allergic disease (asthma, hay fever or eczema) || id:ebi-a-GCST005038","Allergic disease (asthma, hay fever or eczema)","Allergic disease (asthma, hay fever or eczema) ||  || ",TRUE,"igd",NA,NA,NA,NA,NA,NA,NA,3.47696e-19,0.0116,100240296,39779,"7","ieu-a-271","Mean cell haemoglobin || id:ieu-a-271",TRUE,"reported","igd",2,TRUE
"rs218264","T","A","T","A",0.1437,0.0054,NA,0.7228,FALSE,TRUE,TRUE,"ebi-a-GCST005038","4","55408875",0.0067,360838,0.4195,"Allergic disease (asthma, hay fever or eczema) || id:ebi-a-GCST005038","Allergic disease (asthma, hay fever or eczema)","Allergic disease (asthma, hay fever or eczema) ||  || ",TRUE,"igd",NA,NA,NA,NA,NA,NA,NA,7.37225e-28,0.0124,55408875,49888,"4","ieu-a-271","Mean cell haemoglobin || id:ieu-a-271",TRUE,"reported","igd",2,FALSE
"rs2236496","C","T","C","T",-0.1011,0.002,NA,0.8078,FALSE,FALSE,FALSE,"ebi-a-GCST005038","9","4855858",0.0071,360838,0.778599,"Allergic disease (asthma, hay fever or eczema) || id:ebi-a-GCST005038","Allergic disease (asthma, hay fever or eczema)","Allergic disease (asthma, hay fever or eczema) ||  || ",TRUE,"igd",TRUE,"rs2236496","rs7853365","C","T","C","A",2.33185e-16,0.0122,4844265,47382,"9","ieu-a-271","Mean cell haemoglobin || id:ieu-a-271",TRUE,"reported","igd",2,TRUE
"rs2572207","T","C","T","C",-0.0594,-0.0034,NA,0.2211,FALSE,FALSE,FALSE,"ebi-a-GCST005038","15","66070693",0.0068,360838,0.609799,"Allergic disease (asthma, hay fever or eczema) || id:ebi-a-GCST005038","Allergic disease (asthma, hay fever or eczema)","Allergic disease (asthma, hay fever or eczema) ||  || ",TRUE,"igd",NA,NA,NA,NA,NA,NA,NA,1.14599e-08,0.0114,66070693,51408,"15","ieu-a-271","Mean cell haemoglobin || id:ieu-a-271",TRUE,"reported","igd",2,TRUE
"rs3829290","C","T","C","T",-0.0575,-0.0253,NA,0.534,FALSE,FALSE,FALSE,"ebi-a-GCST005038","12","121126438",0.0057,360838,1.01501e-05,"Allergic disease (asthma, hay fever or eczema) || id:ebi-a-GCST005038","Allergic disease (asthma, hay fever or eczema)","Allergic disease (asthma, hay fever or eczema) ||  || ",TRUE,"igd",NA,NA,NA,NA,NA,NA,NA,9.23889e-09,0.0102,121126438,47237,"12","ieu-a-271","Mean cell haemoglobin || id:ieu-a-271",TRUE,"reported","igd",2,TRUE
"rs4890633","A","G","A","G",-0.1065,0.0079,NA,0.267,FALSE,FALSE,FALSE,"ebi-a-GCST005038","18","43833278",0.0066,360838,0.2277,"Allergic disease (asthma, hay fever or eczema) || id:ebi-a-GCST005038","Allergic disease (asthma, hay fever or eczema)","Allergic disease (asthma, hay fever or eczema) ||  || ",TRUE,"igd",NA,NA,NA,NA,NA,NA,NA,1.89017e-23,0.0111,43833278,51375,"18","ieu-a-271","Mean cell haemoglobin || id:ieu-a-271",TRUE,"reported","igd",2,TRUE
"rs590856","A","G","A","G",-0.1077,0.0155,NA,0.4915,FALSE,FALSE,FALSE,"ebi-a-GCST005038","6","139844429",0.0058,360838,0.00747997,"Allergic disease (asthma, hay fever or eczema) || id:ebi-a-GCST005038","Allergic disease (asthma, hay fever or eczema)","Allergic disease (asthma, hay fever or eczema) ||  || ",TRUE,"igd",NA,NA,NA,NA,NA,NA,NA,3.81329e-28,0.01,139844429,51638,"6","ieu-a-271","Mean cell haemoglobin || id:ieu-a-271",TRUE,"reported","igd",2,TRUE
"rs6914805","T","C","T","C",-0.0989,0.0027,NA,0.2772,FALSE,FALSE,FALSE,"ebi-a-GCST005038","6","16281187",0.0064,360838,0.6761,"Allergic disease (asthma, hay fever or eczema) || id:ebi-a-GCST005038","Allergic disease (asthma, hay fever or eczema)","Allergic disease (asthma, hay fever or eczema) ||  || ",TRUE,"igd",NA,NA,NA,NA,NA,NA,NA,1.23994e-19,0.0115,16281187,47195,"6","ieu-a-271","Mean cell haemoglobin || id:ieu-a-271",TRUE,"reported","igd",2,TRUE
"rs7155454","A","G","A","G",0.0694,0.0036,NA,0.4881,FALSE,FALSE,FALSE,"ebi-a-GCST005038","14","65502239",0.0057,360838,0.5274,"Allergic disease (asthma, hay fever or eczema) || id:ebi-a-GCST005038","Allergic disease (asthma, hay fever or eczema)","Allergic disease (asthma, hay fever or eczema) ||  || ",TRUE,"igd",NA,NA,NA,NA,NA,NA,NA,1.79184e-12,0.0097,65502239,51228,"14","ieu-a-271","Mean cell haemoglobin || id:ieu-a-271",TRUE,"reported","igd",2,TRUE
"rs732716","G","A","G","A",-0.0751,0.0044,NA,0.7211,FALSE,FALSE,FALSE,"ebi-a-GCST005038","19","4366219",0.0064,360838,0.4941,"Allergic disease (asthma, hay fever or eczema) || id:ebi-a-GCST005038","Allergic disease (asthma, hay fever or eczema)","Allergic disease (asthma, hay fever or eczema) ||  || ",TRUE,"igd",NA,NA,NA,NA,NA,NA,NA,5.97998e-13,0.0108,4366219,51641,"19","ieu-a-271","Mean cell haemoglobin || id:ieu-a-271",TRUE,"reported","igd",2,TRUE
"rs736661","G","A","G","A",-0.0676,2e-04,NA,0.5425,FALSE,FALSE,FALSE,"ebi-a-GCST005038","6","164482836",0.0058,360838,0.9673,"Allergic disease (asthma, hay fever or eczema) || id:ebi-a-GCST005038","Allergic disease (asthma, hay fever or eczema)","Allergic disease (asthma, hay fever or eczema) ||  || ",TRUE,"igd",NA,NA,NA,NA,NA,NA,NA,1.55704e-11,0.0102,164482836,51397,"6","ieu-a-271","Mean cell haemoglobin || id:ieu-a-271",TRUE,"reported","igd",2,TRUE
"rs737092","C","T","C","T",0.074,-0.0156,NA,0.5204,FALSE,FALSE,FALSE,"ebi-a-GCST005038","20","55990405",0.0059,360838,0.00820994,"Allergic disease (asthma, hay fever or eczema) || id:ebi-a-GCST005038","Allergic disease (asthma, hay fever or eczema)","Allergic disease (asthma, hay fever or eczema) ||  || ",TRUE,"igd",NA,NA,NA,NA,NA,NA,NA,6.39293e-11,0.013,55990405,32108,"20","ieu-a-271","Mean cell haemoglobin || id:ieu-a-271",TRUE,"reported","igd",2,TRUE
"rs741702","C","A","C","A",-0.1067,-1e-04,NA,0.6854,FALSE,FALSE,FALSE,"ebi-a-GCST005038","19","13024250",0.0059,360838,0.9859,"Allergic disease (asthma, hay fever or eczema) || id:ebi-a-GCST005038","Allergic disease (asthma, hay fever or eczema)","Allergic disease (asthma, hay fever or eczema) ||  || ",TRUE,"igd",NA,NA,NA,NA,NA,NA,NA,8.21864e-20,0.0117,13024250,45178,"19","ieu-a-271","Mean cell haemoglobin || id:ieu-a-271",TRUE,"reported","igd",2,TRUE
"rs7615316","A","G","A","G",-0.0535,0.0102,NA,0.4099,FALSE,FALSE,FALSE,"ebi-a-GCST005038","3","142355926",0.0058,360838,0.0793707,"Allergic disease (asthma, hay fever or eczema) || id:ebi-a-GCST005038","Allergic disease (asthma, hay fever or eczema)","Allergic disease (asthma, hay fever or eczema) ||  || ",TRUE,"igd",NA,NA,NA,NA,NA,NA,NA,6.77392e-09,0.0099,142355926,51437,"3","ieu-a-271","Mean cell haemoglobin || id:ieu-a-271",TRUE,"reported","igd",2,TRUE
"rs7776054","G","A","G","A",0.2399,-0.001,NA,0.7245,FALSE,FALSE,FALSE,"ebi-a-GCST005038","6","135418916",0.0065,360838,0.8793,"Allergic disease (asthma, hay fever or eczema) || id:ebi-a-GCST005038","Allergic disease (asthma, hay fever or eczema)","Allergic disease (asthma, hay fever or eczema) ||  || ",TRUE,"igd",NA,NA,NA,NA,NA,NA,NA,6.54636e-108,0.0108,135418916,51452,"6","ieu-a-271","Mean cell haemoglobin || id:ieu-a-271",TRUE,"reported","igd",2,TRUE
"rs7909074","A","G","A","G",0.0606,-0.004,NA,0.4167,FALSE,FALSE,FALSE,"ebi-a-GCST005038","10","45395839",0.0058,360838,0.4975,"Allergic disease (asthma, hay fever or eczema) || id:ebi-a-GCST005038","Allergic disease (asthma, hay fever or eczema)","Allergic disease (asthma, hay fever or eczema) ||  || ",TRUE,"igd",NA,NA,NA,NA,NA,NA,NA,1.859e-10,0.0101,45395839,47384,"10","ieu-a-271","Mean cell haemoglobin || id:ieu-a-271",TRUE,"reported","igd",2,TRUE
"rs855791","G","A","G","A",0.1928,9e-04,NA,0.6071,FALSE,FALSE,FALSE,"ebi-a-GCST005038","22","37462936",0.0059,360838,0.8761,"Allergic disease (asthma, hay fever or eczema) || id:ebi-a-GCST005038","Allergic disease (asthma, hay fever or eczema)","Allergic disease (asthma, hay fever or eczema) ||  || ",TRUE,"igd",NA,NA,NA,NA,NA,NA,NA,1.01391e-69,0.0112,37462936,38547,"22","ieu-a-271","Mean cell haemoglobin || id:ieu-a-271",TRUE,"reported","igd",2,TRUE
"rs888424","A","G","A","G",0.085,0.0024,NA,0.449,FALSE,FALSE,FALSE,"ebi-a-GCST005038","17","19985427",0.0057,360838,0.677801,"Allergic disease (asthma, hay fever or eczema) || id:ebi-a-GCST005038","Allergic disease (asthma, hay fever or eczema)","Allergic disease (asthma, hay fever or eczema) ||  || ",TRUE,"igd",NA,NA,NA,NA,NA,NA,NA,5.3518e-20,0.0096,19985427,51274,"17","ieu-a-271","Mean cell haemoglobin || id:ieu-a-271",TRUE,"reported","igd",2,TRUE
"rs901683","A","G","A","G",0.1236,-0.0117,NA,0.07313,FALSE,FALSE,FALSE,"ebi-a-GCST005038","10","45966422",0.0113,360838,0.2999,"Allergic disease (asthma, hay fever or eczema) || id:ebi-a-GCST005038","Allergic disease (asthma, hay fever or eczema)","Allergic disease (asthma, hay fever or eczema) ||  || ",TRUE,"igd",NA,NA,NA,NA,NA,NA,NA,1.82306e-12,0.0195,45966422,51648,"10","ieu-a-271","Mean cell haemoglobin || id:ieu-a-271",TRUE,"reported","igd",2,TRUE
"rs9310736","G","A","G","A",0.0804,0.0028,NA,0.6752,FALSE,FALSE,FALSE,"ebi-a-GCST005038","3","24350811",0.006,360838,0.637801,"Allergic disease (asthma, hay fever or eczema) || id:ebi-a-GCST005038","Allergic disease (asthma, hay fever or eczema)","Allergic disease (asthma, hay fever or eczema) ||  || ",TRUE,"igd",NA,NA,NA,NA,NA,NA,NA,3.41507e-15,0.0101,24350811,51406,"3","ieu-a-271","Mean cell haemoglobin || id:ieu-a-271",TRUE,"reported","igd",2,TRUE
"rs9349200","G","A","G","A",-0.1019,0.0049,NA,0.8741,FALSE,FALSE,FALSE,"ebi-a-GCST005038","6","41684390",0.0082,360838,0.5485,"Allergic disease (asthma, hay fever or eczema) || id:ebi-a-GCST005038","Allergic disease (asthma, hay fever or eczema)","Allergic disease (asthma, hay fever or eczema) ||  || ",TRUE,"igd",NA,NA,NA,NA,NA,NA,NA,6.18159e-11,0.0158,41684390,43394,"6","ieu-a-271","Mean cell haemoglobin || id:ieu-a-271",TRUE,"reported","igd",2,TRUE
"rs9660992","G","A","G","A",0.0577,-0.0064,NA,0.5884,FALSE,FALSE,FALSE,"ebi-a-GCST005038","1","205249450",0.0058,360838,0.2726,"Allergic disease (asthma, hay fever or eczema) || id:ebi-a-GCST005038","Allergic disease (asthma, hay fever or eczema)","Allergic disease (asthma, hay fever or eczema) ||  || ",TRUE,"igd",NA,NA,NA,NA,NA,NA,NA,7.08093e-10,0.0098,205249450,51249,"1","ieu-a-271","Mean cell haemoglobin || id:ieu-a-271",TRUE,"reported","igd",2,TRUE
