"SNP","effect_allele.exposure","other_allele.exposure","effect_allele.outcome","other_allele.outcome","beta.exposure","beta.outcome","eaf.exposure","eaf.outcome","remove","palindromic","ambiguous","id.outcome","chr","pos","se.outcome","samplesize.outcome","pval.outcome","outcome","originalname.outcome","outcome.deprecated","mr_keep.outcome","data_source.outcome","pos.exposure","pval.exposure","samplesize.exposure","chr.exposure","se.exposure","id.exposure","exposure","mr_keep.exposure","pval_origin.exposure","data_source.exposure","action","mr_keep"
"rs1015451","C","T","C","T",0.7408,-0.00109507,0.1099,0.09869,FALSE,FALSE,FALSE,"ukb-b-11497","6","122131485",0.00125984,462933,0.38,"Operation code: tonsillectomy +/- adenoids || id:ukb-b-11497","Operation code: tonsillectomy +/- adenoids","Operation code: tonsillectomy +/- adenoids ||  || ",TRUE,"igd",122131485,7.06318e-20,93149,"6",0.0812,"ieu-a-1056","Heart rate || id:ieu-a-1056",TRUE,"reported","igd",2,TRUE
"rs11153730","C","T","C","T",-0.3934,-0.000822235,0.4855,0.49177,FALSE,FALSE,FALSE,"ukb-b-11497","6","118667522",0.00075165,462933,0.27,"Operation code: tonsillectomy +/- adenoids || id:ukb-b-11497","Operation code: tonsillectomy +/- adenoids","Operation code: tonsillectomy +/- adenoids ||  || ",TRUE,"igd",118667522,7.00648e-15,91235,"6",0.0505,"ieu-a-1056","Heart rate || id:ieu-a-1056",TRUE,"reported","igd",2,TRUE
"rs11578508","G","A","G","A",-0.4068,-0.000711728,0.3347,0.357124,FALSE,FALSE,FALSE,"ukb-b-11497","1","208129065",0.000783687,462933,0.36,"Operation code: tonsillectomy +/- adenoids || id:ukb-b-11497","Operation code: tonsillectomy +/- adenoids","Operation code: tonsillectomy +/- adenoids ||  || ",TRUE,"igd",208129065,3.07397e-14,92380,"1",0.0536,"ieu-a-1056","Heart rate || id:ieu-a-1056",TRUE,"reported","igd",2,TRUE
"rs13030174","C","A","C","A",-0.3367,0.000156132,0.274,0.239436,FALSE,FALSE,FALSE,"ukb-b-11497","2","232271284",0.000884213,462933,0.86,"Operation code: tonsillectomy +/- adenoids || id:ukb-b-11497","Operation code: tonsillectomy +/- adenoids","Operation code: tonsillectomy +/- adenoids ||  || ",TRUE,"igd",232271284,1.12499e-08,87440,"2",0.059,"ieu-a-1056","Heart rate || id:ieu-a-1056",TRUE,"reported","igd",2,TRUE
"rs13245899","G","A","G","A",0.5195,0.000203652,0.1977,0.190325,FALSE,FALSE,FALSE,"ukb-b-11497","7","100497131",0.000956077,462933,0.83,"Operation code: tonsillectomy +/- adenoids || id:ukb-b-11497","Operation code: tonsillectomy +/- adenoids","Operation code: tonsillectomy +/- adenoids ||  || ",TRUE,"igd",100497131,1.53709e-15,91245,"7",0.0652,"ieu-a-1056","Heart rate || id:ieu-a-1056",TRUE,"reported","igd",2,TRUE
"rs17287293","G","A","G","A",-0.4908,-0.00123996,0.1515,0.150419,FALSE,FALSE,FALSE,"ukb-b-11497","12","24770878",0.0010501,462933,0.24,"Operation code: tonsillectomy +/- adenoids || id:ukb-b-11497","Operation code: tonsillectomy +/- adenoids","Operation code: tonsillectomy +/- adenoids ||  || ",TRUE,"igd",24770878,6.89763e-12,93147,"12",0.0716,"ieu-a-1056","Heart rate || id:ieu-a-1056",TRUE,"reported","igd",2,TRUE
"rs17362588","A","G","A","G",0.7789,-0.00160487,0.1162,0.088582,FALSE,FALSE,FALSE,"ukb-b-11497","2","179721046",0.0013202,462933,0.22,"Operation code: tonsillectomy +/- adenoids || id:ukb-b-11497","Operation code: tonsillectomy +/- adenoids","Operation code: tonsillectomy +/- adenoids ||  || ",TRUE,"igd",179721046,3.24788e-18,82115,"2",0.0895,"ieu-a-1056","Heart rate || id:ieu-a-1056",TRUE,"reported","igd",2,TRUE
"rs174549","A","G","A","G",0.3941,0.00234339,0.3179,0.308169,FALSE,FALSE,FALSE,"ukb-b-11497","11","61571382",0.000813459,462933,0.004,"Operation code: tonsillectomy +/- adenoids || id:ukb-b-11497","Operation code: tonsillectomy +/- adenoids","Operation code: tonsillectomy +/- adenoids ||  || ",TRUE,"igd",61571382,1.1259e-12,88637,"11",0.0554,"ieu-a-1056","Heart rate || id:ieu-a-1056",TRUE,"reported","igd",2,TRUE
"rs17796783","C","T","C","T",-0.3438,0.000727573,0.278,0.286213,FALSE,FALSE,FALSE,"ukb-b-11497","14","85809911",0.000834396,462933,0.38,"Operation code: tonsillectomy +/- adenoids || id:ukb-b-11497","Operation code: tonsillectomy +/- adenoids","Operation code: tonsillectomy +/- adenoids ||  || ",TRUE,"igd",85809911,1.65402e-09,92675,"14",0.057,"ieu-a-1056","Heart rate || id:ieu-a-1056",TRUE,"reported","igd",2,TRUE
"rs2029213","T","C","T","C",-0.2957,-0.000511425,0.3615,0.361969,FALSE,FALSE,FALSE,"ukb-b-11497","3","53378245",0.000781695,462933,0.51,"Operation code: tonsillectomy +/- adenoids || id:ukb-b-11497","Operation code: tonsillectomy +/- adenoids","Operation code: tonsillectomy +/- adenoids ||  || ",TRUE,"igd",53378245,1.63301e-08,93102,"3",0.0524,"ieu-a-1056","Heart rate || id:ieu-a-1056",TRUE,"reported","igd",2,TRUE
"rs365990","G","A","G","A",0.6063,-0.00162934,0.3425,0.370608,FALSE,FALSE,FALSE,"ukb-b-11497","14","23861811",0.000777741,462933,0.0359998,"Operation code: tonsillectomy +/- adenoids || id:ukb-b-11497","Operation code: tonsillectomy +/- adenoids","Operation code: tonsillectomy +/- adenoids ||  || ",TRUE,"igd",23861811,5.66239e-28,91227,"14",0.0553,"ieu-a-1056","Heart rate || id:ieu-a-1056",TRUE,"reported","igd",2,TRUE
"rs3729992","A","C","A","C",0.5477,-0.000278503,0.0845,0.073698,FALSE,FALSE,FALSE,"ukb-b-11497","14","23902974",0.00144745,462933,0.85,"Operation code: tonsillectomy +/- adenoids || id:ukb-b-11497","Operation code: tonsillectomy +/- adenoids","Operation code: tonsillectomy +/- adenoids ||  || ",TRUE,"igd",23902974,3.298e-08,88623,"14",0.0991,"ieu-a-1056","Heart rate || id:ieu-a-1056",TRUE,"reported","igd",2,TRUE
"rs4489968","G","T","G","T",-0.5289,-0.000322991,0.1672,0.158125,FALSE,FALSE,FALSE,"ukb-b-11497","15","73665506",0.00103064,462933,0.75,"Operation code: tonsillectomy +/- adenoids || id:ukb-b-11497","Operation code: tonsillectomy +/- adenoids","Operation code: tonsillectomy +/- adenoids ||  || ",TRUE,"igd",73665506,8.88587e-15,93086,"15",0.0682,"ieu-a-1056","Heart rate || id:ieu-a-1056",TRUE,"reported","igd",2,TRUE
"rs6127471","T","C","T","C",-0.5093,-0.00194625,0.4574,0.467621,FALSE,FALSE,FALSE,"ukb-b-11497","20","36844038",0.000754655,462933,0.00990011,"Operation code: tonsillectomy +/- adenoids || id:ukb-b-11497","Operation code: tonsillectomy +/- adenoids","Operation code: tonsillectomy +/- adenoids ||  || ",TRUE,"igd",36844038,5.96348e-23,89339,"20",0.0516,"ieu-a-1056","Heart rate || id:ieu-a-1056",TRUE,"reported","igd",2,TRUE
"rs7980799","C","A","C","A",-0.4052,0.000694746,0.5979,0.57709,FALSE,FALSE,FALSE,"ukb-b-11497","12","33576990",0.000763891,462933,0.36,"Operation code: tonsillectomy +/- adenoids || id:ukb-b-11497","Operation code: tonsillectomy +/- adenoids","Operation code: tonsillectomy +/- adenoids ||  || ",TRUE,"igd",33576990,7.91043e-14,85488,"12",0.0542,"ieu-a-1056","Heart rate || id:ieu-a-1056",TRUE,"reported","igd",2,TRUE
